name,address,city,state,phone,website,types,lead_score,priority,review_count,rating,on_ubereats,on_grubhub,contact_by_date,latitude,longitude,place_id
Safeway,"19651 US-2, Monroe, WA 98272, USA",Seattle,WA,(360) 794-9292,https://local.safeway.com/safeway/wa/monroe/19651-hwy-2.html,"bakery,establishment,florist,food,grocery_or_supermarket,point_of_interest,store,supermarket",100,Critical,1736,4.2,False,True,2026-01-31,47.8600292,-121.9676364,ChIJX2oBCfammlQRWSPSVb2bntw
Safeway,"300 Bellevue Way NE, Bellevue, WA 98004, USA",Seattle,WA,(425) 749-3885,https://local.safeway.com/safeway/wa/bellevue/300-bellevue-way-ne.html,"bakery,establishment,florist,food,grocery_or_supermarket,point_of_interest,store,supermarket",100,Critical,2278,4.3,True,False,2026-01-31,47.6130672,-122.200964,ChIJ55QQpIdskFQRmIcPnF7hHyc
Ralphs,"670 S Western Ave, Los Angeles, CA 90005, USA",Los Angeles,CA,(213) 383-5058,https://www.ralphs.com/stores/grocery/ca/los-angeles/wiltern/703/00016?cid=loc_70300016_gmb,"bakery,establishment,florist,food,grocery_or_supermarket,health,liquor_store,point_of_interest,store",100,Critical,1741,4.1,False,True,2026-01-31,34.0600458,-118.3085512,ChIJaz46A4W4woARM1iwC0URPD0
Ralphs,"1435 W Chapman Ave, Orange, CA 92868, USA",Los Angeles,CA,(714) 634-2905,https://www.ralphs.com/stores/grocery/ca/orange/chapman-main-center/703/00008?cid=loc_70300008_gmb,"bakery,establishment,florist,food,grocery_or_supermarket,health,liquor_store,point_of_interest,store",100,Critical,1098,4.2,True,False,2026-01-31,33.7888847,-117.8683236,ChIJOQg7u9fZ3IARrM4R0ESLupc
Pavilions,"14845 Ventura Blvd, Sherman Oaks, CA 91403, USA",Los Angeles,CA,(818) 922-6890,https://local.pavilions.com/ca/sherman-oaks/14845-ventura-blvd.html,"bakery,establishment,food,grocery_or_supermarket,point_of_interest,store,supermarket",100,Critical,817,4.3,True,True,2026-01-31,34.1533329,-118.4565586,ChIJWyGtBcSXwoARHdCOa4Co3vU
Ralphs,"2600 S Vermont Ave, Los Angeles, CA 90007, USA",Los Angeles,CA,(323) 732-3863,https://www.ralphs.com/stores/grocery/ca/los-angeles/renaissance-plaza/703/00294?cid=loc_70300294_gmb,"bakery,establishment,florist,food,grocery_or_supermarket,health,liquor_store,point_of_interest,store",100,Critical,2819,4.3,False,True,2026-01-31,34.0318453,-118.2907927,ChIJE1TNSvLHwoARNK8JeIKSP4k
Pavilions,"3100 W Balboa Blvd, Newport Beach, CA 92663, USA",Los Angeles,CA,(949) 675-2395,https://local.pavilions.com/ca/newport-beach/3100-w-balboa-blvd.html,"bakery,establishment,food,grocery_or_supermarket,point_of_interest,store,supermarket",100,Critical,1074,4.3,True,False,2026-01-31,33.6146866,-117.9310844,ChIJCYFX6wMg3YARcgQnLvpi1eM
Ralphs,"9470 Las Tunas Dr, Temple City, CA 91780, USA",Los Angeles,CA,(626) 286-0898,https://www.ralphs.com/stores/grocery/ca/temple-city/temple-city/703/00053?cid=loc_70300053_gmb,"bakery,establishment,florist,food,grocery_or_supermarket,health,liquor_store,point_of_interest,store",100,Critical,889,4.2,True,True,2026-01-31,34.1051758,-118.0641357,ChIJE9eKN1bawoARGIB49NCX8uk
Tony's Fresh Market,"4137 N Elston Ave, Chicago, IL 60618, USA",Chicago,IL,(773) 866-0010,https://locations.tonysfreshmarket.com/ll/us/il/chicago/4137-n-elston-ave/,"establishment,food,grocery_or_supermarket,point_of_interest,store",100,Critical,2083,4.2,True,True,2026-01-31,41.9561396,-87.7221632,ChIJ__8_Ur_ND4gRQxPNWBfYWt4
Jewel-Osco,"3220 Chicago Rd, South Chicago Heights, IL 60411, USA",Chicago,IL,(708) 755-7372,https://local.jewelosco.com/il/south-chicago-heights/3220-chicago-rd.html,"bakery,establishment,florist,food,grocery_or_supermarket,point_of_interest,store,supermarket",100,Critical,2163,4.1,True,False,2026-01-31,41.4794971,-87.6389481,ChIJq5hdeeobDogRWhP-Z6UPYj8
Morton Williams Supermarkets,"908 2nd Ave, New York, NY 10017, USA",New York,NY,(212) 308-6922,https://www.mortonwilliams.com/our-locations,"establishment,food,grocery_or_supermarket,point_of_interest,store,supermarket",100,Critical,1174,4.1,True,True,2026-01-31,40.7537995,-73.96896219999999,ChIJwdELkOJYwokRgSJOA1wL2Mo
Fred Meyer,"100 NW 85th St, Seattle, WA 98117, USA",Seattle,WA,(206) 784-9600,https://www.fredmeyer.com/stores/grocery/wa/seattle/greenwood/701/00122?cid=loc_70100122_gmb,"bakery,establishment,florist,food,grocery_or_supermarket,health,liquor_store,point_of_interest,store",100,Critical,1790,4.1,True,False,2026-01-31,47.6919955,-122.3587811,ChIJt9x0YCAUkFQRHa6Jow_bwQo
Jewel-Osco,"3570 N Elston Ave, Chicago, IL 60618, USA",Chicago,IL,(773) 583-9150,https://local.jewelosco.com/il/chicago/3570-n-elston-ave.html,"bakery,establishment,florist,food,grocery_or_supermarket,point_of_interest,store,supermarket",100,Critical,2128,4.2,False,True,2026-01-31,41.9453037,-87.7086398,ChIJtfDxwJrND4gRf-DXSM7WOPo
Made In New York Pizza,"421 Amsterdam Ave, New York, NY 10024, USA",New York,NY,(646) 484-6200,https://www.madeinnewyorkpizza.com/,"establishment,food,grocery_or_supermarket,point_of_interest,restaurant,store",100,Critical,1220,4.6,True,False,2026-01-31,40.7838392,-73.9775697,ChIJL-LN1N1ZwokR8K2jACu6Ydw
Jewel-Osco,"370 N Desplaines St, Chicago, IL 60661, USA",Chicago,IL,(312) 243-2710,https://local.jewelosco.com/il/chicago/370-n-des-plaines-st.html,"bakery,establishment,florist,food,grocery_or_supermarket,point_of_interest,store,supermarket",100,Critical,1738,4.3,True,True,2026-01-31,41.8887205,-87.6449859,ChIJuTv6DcwsDogR4iM3ChhHxIE
Mariano's,"40 S Halsted St, Chicago, IL 60661, USA",Chicago,IL,(312) 243-7657,https://www.marianos.com/stores/grocery/il/chicago/marianos-west-loop/531/00508?cid=loc_53100508_gmb,"bakery,establishment,florist,food,grocery_or_supermarket,health,liquor_store,point_of_interest,store",100,Critical,1961,4.3,True,False,2026-01-31,41.8808742,-87.64795389999999,ChIJf56prsQsDogR1ZIKNBWokaA
Food 4 Less,"3039 S Cicero Ave, Cicero, IL 60804, USA",Chicago,IL,(708) 652-4257,https://www.food4less.com/stores/grocery/il/cicero/31st-cicero/708/00551?cid=loc_70800551_gmb,"bakery,establishment,florist,food,grocery_or_supermarket,health,liquor_store,point_of_interest,store",100,Critical,1014,4.1,True,True,2026-01-31,41.8376472,-87.74120719999999,ChIJG8aUB8ozDogRwYVAPzVL440
Pete's Fresh Market #10 - Madison & Western,"2333 W Madison St, Chicago, IL 60612, USA",Chicago,IL,(312) 888-4600,http://www.petesfresh.com/,"cafe,establishment,food,grocery_or_supermarket,liquor_store,point_of_interest,store,supermarket",100,Critical,6426,4.4,True,False,2026-01-31,41.880507,-87.685599,ChIJnRjXeEMtDogRxiLDpbDSbTU
Ralphs,"211 N Glendale Ave, Glendale, CA 91206, USA",Los Angeles,CA,(818) 549-0035,https://www.ralphs.com/stores/grocery/ca/glendale/glendale-wilson/703/00134?cid=loc_70300134_gmb,"bakery,establishment,florist,food,grocery_or_supermarket,health,liquor_store,point_of_interest,store",100,Critical,662,4.2,True,True,2026-01-31,34.1484897,-118.2484205,ChIJf9t8darBwoARUZ9pjFi_rPI
Ralphs,"7221 Woodman Ave, Van Nuys, CA 91405, USA",Los Angeles,CA,(818) 785-3162,https://www.ralphs.com/stores/grocery/ca/van-nuys/sherman-way/703/00047?cid=loc_70300047_gmb,"bakery,establishment,florist,food,grocery_or_supermarket,health,liquor_store,point_of_interest,store",100,Critical,1359,4.1,False,True,2026-01-31,34.2019865,-118.4322132,ChIJ-3iY9OaWwoARKcufyacoYlI
Ralphs,"11361 National Blvd, Los Angeles, CA 90064, USA",Los Angeles,CA,(310) 479-4351,https://www.ralphs.com/stores/grocery/ca/los-angeles/westdale-s-c/703/00709?cid=loc_70300709_gmb,"bakery,establishment,florist,food,grocery_or_supermarket,health,liquor_store,point_of_interest,store",100,Critical,660,4.1,True,False,2026-01-31,34.0260615,-118.4333132,ChIJDQE3A6y7woAR4hKGnZTA8yM
Ralphs,"650 E Carson St, Carson, CA 90745, USA",Los Angeles,CA,(310) 518-4191,https://www.ralphs.com/stores/grocery/ca/carson/avalon-carson/703/00256?cid=loc_70300256_gmb,"bakery,establishment,food,grocery_or_supermarket,health,liquor_store,point_of_interest,store",100,Critical,604,4.2,True,False,2026-01-31,33.8303777,-118.2643971,ChIJlalvqRA13YAR2CTD1VUwhFI
Chavez Supermarket,"24601 Mission Blvd, Hayward, CA 94544, USA",San Francisco,CA,(510) 888-9878,http://www.chavezsuper.com/,"bakery,establishment,finance,food,grocery_or_supermarket,point_of_interest,restaurant,store,supermarket",100,Critical,1484,4.1,True,True,2026-01-31,37.66261069999999,-122.0762823,ChIJ8TORlOaTj4ARN7T_gCgjSCE
Seafood City Supermarket,"3573 Callan Blvd, South San Francisco, CA 94080, USA",San Francisco,CA,(650) 243-6100,http://www.seafoodcity.com/,"establishment,food,grocery_or_supermarket,point_of_interest,restaurant,store,supermarket",100,Critical,1093,4.2,True,False,2026-01-31,37.6435928,-122.4635036,ChIJGUopVjN6j4ARW0V5k0u0iGE
Ralphs,"2201 W Redondo Beach Blvd, Gardena, CA 90247, USA",Los Angeles,CA,(310) 538-9008,https://www.ralphs.com/stores/grocery/ca/gardena/gardena/703/00111?cid=loc_70300111_gmb,"bakery,establishment,florist,food,grocery_or_supermarket,health,liquor_store,point_of_interest,store",100,Critical,934,4.3,True,False,2026-01-31,33.8869831,-118.3184892,ChIJBdiDHJ61woARAlJOmomQZ50
Grocery Outlet,"2900 Broadway, Oakland, CA 94611, USA",San Francisco,CA,(510) 465-5649,https://www.groceryoutlet.com/circulars/storeid/3,"establishment,food,grocery_or_supermarket,point_of_interest,store,supermarket",100,Critical,2600,4.4,True,True,2026-01-31,37.81750299999999,-122.2614095,ChIJl08tVVSHj4ARrjNg_0LOCjc
Grocery Outlet,"1833 Broadway, Redwood City, CA 94063, USA",San Francisco,CA,(650) 364-7406,https://www.groceryoutlet.com/circulars/storeid/4,"establishment,food,grocery_or_supermarket,point_of_interest,store,supermarket",100,Critical,1393,4.4,True,True,2026-01-31,37.4863817,-122.2246999,ChIJORAWDwqjj4AR8MHLHMkuzpU
Chavez Supermarket,"500 S Norfolk St, San Mateo, CA 94401, USA",San Francisco,CA,(650) 781-3950,http://www.chavezsuper.com/,"bakery,establishment,finance,food,grocery_or_supermarket,point_of_interest,restaurant,store,supermarket",100,Critical,966,4.1,False,True,2026-01-31,37.571133,-122.3104416,ChIJjxM6V4eej4ARJx7k-ijXwqs
Grocery Outlet,"1245 S Van Ness Ave, San Francisco, CA 94110, USA",San Francisco,CA,(415) 872-7170,https://www.groceryoutlet.com/circulars/storeid/306,"establishment,food,grocery_or_supermarket,point_of_interest,store,supermarket",100,Critical,1906,4.5,True,True,2026-01-31,37.7530692,-122.4159954,ChIJVee9dkd-j4ARl0zJ7JCZ8pk
Trader Joe's,"425 S Oyster Bay Rd, Plainview, NY 11803, USA",New York,NY,(516) 933-6900,https://locations.traderjoes.com/ny/plainview/555/?utm_source=gmb&utm_medium=organic&utm_campaign=local,"establishment,food,grocery_or_supermarket,health,point_of_interest,store,supermarket",100,Critical,1963,4.6,False,True,2026-01-31,40.7815407,-73.5014915,ChIJ-6vmBKOBwokRfspxeJIndSY
Trader Joe's,"3250 Lakeshore Ave, Oakland, CA 94610, USA",San Francisco,CA,(510) 238-9076,https://locations.traderjoes.com/ca/oakland/203/?utm_source=gmb&utm_medium=organic&utm_campaign=local,"establishment,food,grocery_or_supermarket,health,liquor_store,point_of_interest,store,supermarket",100,Critical,2345,4.4,True,True,2026-01-31,37.8099731,-122.2443809,ChIJlwZhkUGHj4ARgNaadWHN7tc
Seafood City Supermarket,"3495 Sonoma Blvd, Vallejo, CA 94590, USA",San Francisco,CA,(707) 654-1972,https://www.seafoodcity.com/store-locations/northern-california/,"bakery,establishment,food,grocery_or_supermarket,point_of_interest,restaurant,store",100,Critical,1593,4.0,True,True,2026-01-31,38.1224406,-122.2580777,ChIJa-359FFzhYAR6UyYw8nmlFo
Seafood City Supermarket,"2030 Diamond Blvd, Concord, CA 94520, USA",San Francisco,CA,(925) 771-2470,http://www.seafoodcity.com/,"bakery,establishment,food,grocery_or_supermarket,point_of_interest,restaurant,store",100,Critical,746,4.1,True,False,2026-01-31,37.9736494,-122.0555524,ChIJYwS3rsZmhYARbA-f-qIrYqg
Island Pacific Supermarket and Seafood weekly sale,"19691 Hesperian Blvd, Hayward, CA 94541, USA",San Francisco,CA,(510) 674-2871,https://islandpacificmarket.com/stores/hayward,"establishment,food,grocery_or_supermarket,point_of_interest,restaurant,store,supermarket",100,Critical,1046,4.2,True,True,2026-01-31,37.6656818,-122.1202137,ChIJUds4qQWRj4ARncPqujhKmoU
Vons,"9860 National Blvd, Cheviot Hills, CA 90034, USA",Los Angeles,CA,(310) 836-4161,https://local.vons.com/ca/cheviot-hills/9860-national-blvd.html,"bakery,establishment,florist,food,grocery_or_supermarket,point_of_interest,store,supermarket",100,Critical,975,4.2,False,True,2026-01-31,34.0302194,-118.4014345,ChIJob8Q_NK7woARWjmm9WZBRvQ
Ralphs,"3410 W 3rd St, Los Angeles, CA 90020, USA",Los Angeles,CA,(213) 480-1421,https://www.ralphs.com/stores/grocery/ca/los-angeles/third-street/703/00032?cid=loc_70300032_gmb,"bakery,establishment,florist,food,grocery_or_supermarket,health,liquor_store,point_of_interest,store",100,Critical,2056,4.1,False,True,2026-01-31,34.0683874,-118.2905317,ChIJW2BaA2XHwoARQbKpw3X5HAY
Vons,"3461 W 3rd St, Los Angeles, CA 90020, USA",Los Angeles,CA,(213) 384-6552,https://local.vons.com/ca/los-angeles/3461-w-3rd-st.html,"bakery,establishment,florist,food,grocery_or_supermarket,point_of_interest,store,supermarket",100,Critical,3576,4.2,True,False,2026-01-31,34.0699603,-118.2908839,ChIJnQk-VGTHwoARWshCMCP50us
CTown Supermarkets,"602 Main Ave, Passaic, NJ 07055, USA",New York,NY,(973) 777-1299,https://locations.ctownsupermarkets.com/ctown-supermarkets-64ff5f305400?utm_source=Google&utm_medium=organic&utm_campaign=Yext,"establishment,food,grocery_or_supermarket,point_of_interest,store,supermarket",100,Critical,933,4.3,True,True,2026-01-31,40.8595684,-74.12433109999999,ChIJ0dCcUdP-wokRFWBNgbssoss
ShopRite of Wallington,"375 Paterson Ave, Wallington, NJ 07057, USA",New York,NY,(201) 508-8000,https://www.shoprite.com/?utm_source=GMB&utm_medium=Local_Search&utm_campaign=dbaPlatform&utm_term=136,"bakery,establishment,food,grocery_or_supermarket,point_of_interest,store,supermarket",100,Critical,2789,4.4,True,True,2026-01-31,40.8446362,-74.1058193,ChIJeXPchdv4wokR0roGktHkfGE
Shop Rite Supermarket,"5800 Bancroft Ave, Oakland, CA 94605, USA",San Francisco,CA,(510) 632-5426,,"establishment,food,grocery_or_supermarket,point_of_interest,restaurant,store,supermarket",100,Critical,1220,4.2,False,True,2026-01-31,37.7714357,-122.1925461,ChIJqTIVQAyGj4ARLQojHD1cPEU
Super Foodtown of Bloomfield,"296 Glenwood Ave, Bloomfield, NJ 07003, USA",New York,NY,(973) 259-9900,https://shop.foodtown.com/,"establishment,florist,food,grocery_or_supermarket,point_of_interest,store,supermarket",100,Critical,1635,4.2,True,True,2026-01-31,40.7927259,-74.1987524,ChIJM88eoSNVwokRKIe8bbWaCTA
Fred Meyer,"365 Renton Center Way SW, Renton, WA 98057, USA",Seattle,WA,(425) 204-5200,https://www.fredmeyer.com/stores/grocery/wa/renton/renton/701/00459?cid=loc_70100459_gmb,"bakery,establishment,florist,food,grocery_or_supermarket,health,liquor_store,point_of_interest,store",100,Critical,2156,4.0,True,True,2026-01-31,47.4773474,-122.2190404,ChIJg5wYWbJCkFQRtB47kym02sY
Safeway,"24040 Bothell Everett Hwy, Bothell, WA 98021, USA",Seattle,WA,(425) 482-2767,https://local.safeway.com/safeway/wa/bothell/24040-bothell-everett-hwy.html,"bakery,establishment,florist,food,grocery_or_supermarket,point_of_interest,store,supermarket",100,Critical,1443,4.2,True,True,2026-01-31,47.7788214,-122.2207651,ChIJSSrwE00OkFQRgqqhLM-GC-w
Uncle Giuseppe's Marketplace,"10 Triangle Plaza, Ramsey, NJ 07446, USA",New York,NY,(201) 995-6800,https://order.uncleg.com/s/1000-1040/,"establishment,food,grocery_or_supermarket,point_of_interest,store",100,Critical,3415,4.6,True,False,2026-01-31,41.0630344,-74.1230784,ChIJ86D82LLmwokRSAbiSAK6r_Y
Safeway,"12519 NE 85th St, Kirkland, WA 98033, USA",Seattle,WA,(425) 822-8821,https://local.safeway.com/safeway/wa/kirkland/12519-ne-85th-st.html,"bakery,establishment,florist,food,grocery_or_supermarket,point_of_interest,store,supermarket",100,Critical,1685,4.2,True,True,2026-01-31,47.6788233,-122.1734283,ChIJOSn3l7sSkFQRfPqPxRHWxSA
Safeway,"4128 Rucker Ave, Everett, WA 98203, USA",Seattle,WA,(425) 258-3552,https://local.safeway.com/safeway/wa/everett/4128-rucker-ave.html,"bakery,establishment,florist,food,grocery_or_supermarket,point_of_interest,store,supermarket",100,Critical,2632,4.0,True,False,2026-01-31,47.96254990000001,-122.2120566,ChIJBXjqgX4AkFQRhHVTMIhkqlo
ShopRite of Norwalk,"360 Connecticut Ave, Norwalk, CT 06854, USA",New York,NY,(203) 838-0504,https://www.shoprite.com/?utm_source=GMB&utm_medium=Local_Search&utm_campaign=dbaPlatform&utm_term=394,"bakery,establishment,food,grocery_or_supermarket,point_of_interest,store,supermarket",100,Critical,2245,4.3,True,True,2026-01-31,41.1024779,-73.44022629999999,ChIJ1zlqG3Me6IkRQ1yxV9vbFCw
Safeway,"2637 N Pearl St, Tacoma, WA 98407, USA",Seattle,WA,(253) 759-9251,https://local.safeway.com/safeway/wa/tacoma/2637-n-pearl-st.html,"bakery,establishment,florist,food,grocery_or_supermarket,point_of_interest,store,supermarket",100,Critical,1732,4.2,True,False,2026-01-31,47.2727994,-122.513735,ChIJ90_YfrhUkFQRbUGMZZRJ7Wc
Jewel-Osco,"550 N State St, Chicago, IL 60654, USA",Chicago,IL,(312) 527-2162,https://local.jewelosco.com/il/chicago/550-n-state-st.html,"bakery,establishment,florist,food,grocery_or_supermarket,point_of_interest,store,supermarket",100,Critical,1731,4.1,False,True,2026-01-31,41.8922895,-87.62858399999999,ChIJJ9dviK0sDogRsKzwRyDblRk
Seafood City Supermarket,"5033 N Elston Ave, Chicago, IL 60630, USA",Chicago,IL,(773) 295-1658,http://www.seafoodcity.com/,"establishment,food,grocery_or_supermarket,point_of_interest,store,supermarket",100,Critical,3870,4.3,False,True,2026-01-31,41.9728129,-87.7455798,ChIJbYNKuSjMD4gRY9dX82EsooU
Trader Joe's,"3745 N Lincoln Ave, Chicago, IL 60613, USA",Chicago,IL,(773) 248-4920,https://locations.traderjoes.com/il/chicago/688/?utm_source=gmb&utm_medium=organic&utm_campaign=local,"establishment,food,grocery_or_supermarket,health,liquor_store,point_of_interest,store,supermarket",100,Critical,2721,4.6,False,True,2026-01-31,41.9498851,-87.67514039999999,ChIJGzaZMkLSD4gRdbkdpeLGPuc
Wegmans,"106 Corporate Park Dr, Harrison, NY 10604, USA",New York,NY,(914) 539-3700,https://www.wegmans.com/stores/harrison-ny/?cid=GMB_Wegmans_2024:aw:ow:gb:gb:ao::,"establishment,food,grocery_or_supermarket,point_of_interest,store,supermarket",100,Critical,2222,4.6,True,True,2026-01-31,41.02032,-73.7175906,ChIJ-70bhdOXwokR9ijzkOOba_w
ShopRite of New Hyde Park,"2335 New Hyde Park Rd, New Hyde Park, NY 11042, USA",New York,NY,(516) 352-1603,https://www.shoprite.com/?utm_source=GMB&utm_medium=Local_Search&utm_campaign=dbaPlatform&utm_term=812,"bakery,establishment,food,grocery_or_supermarket,point_of_interest,store,supermarket",100,Critical,2814,4.3,True,True,2026-01-31,40.7578125,-73.6900673,ChIJDd5BSS-IwokRTdrvAhNiyrM
Stew Leonard's,"1 Stew Leonard Dr, Yonkers, NY 10710, USA",New York,NY,(914) 375-4700,https://stewleonards.com/stew-leonards-locations/yonkers-store/,"bakery,establishment,food,grocery_or_supermarket,point_of_interest,restaurant,store,supermarket",100,Critical,4293,4.6,True,False,2026-01-31,40.9737483,-73.8645107,ChIJKa5YDCDtwokRd7a-0kohmAs
Jewel-Osco,"11730 S Marshfield Ave, Chicago, IL 60643, USA",Chicago,IL,(773) 568-8157,https://local.jewelosco.com/il/chicago/11730-s-marshfield-ave.html,"bakery,establishment,florist,food,grocery_or_supermarket,point_of_interest,store,supermarket",100,Critical,1919,4.1,True,False,2026-01-31,41.6802451,-87.6645535,ChIJi7kZcPQkDogRj56B7FtyjUs
Jewel-Osco,"2940 N Ashland Ave, Chicago, IL 60657, USA",Chicago,IL,(773) 871-8242,https://local.jewelosco.com/il/chicago/2940-n-ashland-ave.html,"bakery,establishment,florist,food,grocery_or_supermarket,point_of_interest,store,supermarket",100,Critical,1436,4.2,False,True,2026-01-31,41.9353485,-87.67005920000001,ChIJ5Qmh3ffSD4gRu16ljKcINzw
Wegmans,"15 Woodbridge Center Dr, Woodbridge, NJ 07095, USA",New York,NY,(732) 596-3200,https://www.wegmans.com/stores/woodbridge-nj/?cid=GMB_Wegmans_2024:aw:ow:gb:gb:ao::,"establishment,food,grocery_or_supermarket,point_of_interest,store,supermarket",100,Critical,4383,4.6,True,False,2026-01-31,40.5482362,-74.2966338,ChIJSaaE8cS1w4kR7qtfUFu3PpU
"ShopRite of Commerce St.-Stamford, CT","1990 W Main St, Stamford, CT 06902, USA",New York,NY,(203) 978-0464,https://www.shoprite.com/?utm_source=GMB&utm_medium=Local_Search&utm_campaign=dbaPlatform&utm_term=397,"bakery,establishment,food,grocery_or_supermarket,point_of_interest,store,supermarket",100,Critical,1862,4.4,True,True,2026-01-31,41.0474019,-73.5649493,ChIJDX7LLqqYwokRAWxgjxLhu78
Tony's Fresh Market,"7111 Cermak Rd, Berwyn, IL 60402, USA",Chicago,IL,(708) 683-4072,https://locations.tonysfreshmarket.com/ll/us/il/berwyn/7111-w-cermak-rd/,"establishment,food,grocery_or_supermarket,point_of_interest,store",100,Critical,2770,4.3,True,False,2026-01-31,41.8488221,-87.8005531,ChIJDSXFsEU0DogR059oQSYjww0
Meijer,"13521 Illinois Rte 59, Plainfield, IL 60544, USA",Chicago,IL,(815) 267-8000,https://www.meijer.com/shopping/store-locator/214.html?cmpid=LM:Web::::05112021::GoogleGrocery,"department_store,electronics_store,establishment,food,grocery_or_supermarket,point_of_interest,store,supermarket",100,Critical,2219,4.4,True,True,2026-01-31,41.6348735,-88.19968759999999,ChIJc6FxEKz1DogROGQffAPZq0Q
Jewel-Osco,"2485 Howard St, Evanston, IL 60202, USA",Chicago,IL,(847) 328-9791,https://local.jewelosco.com/il/evanston/2485-howard-st.html,"bakery,establishment,florist,food,grocery_or_supermarket,point_of_interest,store,supermarket",100,Critical,2001,4.3,True,False,2026-01-31,42.0210557,-87.70803090000001,ChIJHYeFSszPD4gRvsK6iy0XzLw
CTown Supermarkets,"1016 St Nicholas Ave, New York, NY 10032, USA",New York,NY,(212) 795-2877,https://locations.ctownsupermarkets.com/ctown-supermarkets-c54f0c37bc42?utm_source=google&utm_medium=organic&utm_campaign=Yext,"establishment,food,grocery_or_supermarket,point_of_interest,store,supermarket",100,Critical,874,4.1,True,False,2026-01-31,40.8350471,-73.9393805,ChIJk4Y0poP2wokRztPMZV1YW3U
ShopRite of Massapequa,"5508 Sunrise Hwy, Massapequa, NY 11758, USA",New York,NY,(516) 799-5651,https://www.shoprite.com/?utm_source=GMB&utm_medium=Local_Search&utm_campaign=dbaPlatform&utm_term=815,"bakery,establishment,food,grocery_or_supermarket,point_of_interest,store,supermarket",100,Critical,1665,4.2,True,False,2026-01-31,40.67540899999999,-73.4364829,ChIJHW1cuqDV6YkRwsDZkK6pXd4
Fred Meyer,"12221 120th Ave NE, Kirkland, WA 98034, USA",Seattle,WA,(425) 820-3200,https://www.fredmeyer.com/stores/grocery/wa/kirkland/fred-meyer-kirkland/701/00391?cid=loc_70100391_gmb,"bakery,establishment,florist,food,grocery_or_supermarket,health,liquor_store,point_of_interest,store",100,Critical,1872,4.2,False,True,2026-01-31,47.7078604,-122.184222,ChIJgevtloANkFQRTCzdbFRVyhY
Pete's Fresh Market #9 - Oakbrook Terrace,"17w675 Roosevelt Rd, Oakbrook Terrace, IL 60181, USA",Chicago,IL,(630) 812-6100,http://www.petesfresh.com/,"bakery,cafe,establishment,food,grocery_or_supermarket,point_of_interest,store,supermarket",100,Critical,4662,4.5,False,True,2026-01-31,41.858949,-87.97341589999999,ChIJ0eamFqtNDogR86NVIcTIKJU
ALDI,"1739 W Cermak Rd, Chicago, IL 60608, USA",Chicago,IL,(855) 955-2534,https://www.aldi.us/stores/l/il/chicago/1739-west-cermak-rd/f608,"establishment,food,grocery_or_supermarket,point_of_interest,store,supermarket",100,Critical,2173,4.5,False,True,2026-01-31,41.85226,-87.66941,ChIJoXitY6YtDogRKkQ8OuT1g68
Walmart Supercenter,"965 Broadhollow Rd, Farmingdale, NY 11735, USA",New York,NY,(631) 752-8768,https://www.walmart.com/store/5295-farmingdale-ny/?veh=seo_loc,"bakery,clothing_store,department_store,electronics_store,establishment,food,furniture_store,grocery_or_supermarket,hardware_store,home_goods_store,point_of_interest,store",100,Critical,8513,4.0,True,True,2026-01-31,40.7266578,-73.4207,ChIJGdHHyOAq6IkRGonq3d-WTuU
Key Food Supermarkets,"656 Castle Hill Ave, Bronx, NY 10473, USA",New York,NY,(718) 824-3666,http://keyfood.com/,"establishment,food,grocery_or_supermarket,point_of_interest,store,supermarket",100,Critical,545,4.0,True,True,2026-01-31,40.8201256,-73.8479085,ChIJd5UCUdH0wokR2UXWj7TSujY
Safeway,"9620 28th Ave SW, Seattle, WA 98126, USA",Seattle,WA,(206) 935-3996,https://local.safeway.com/safeway/wa/seattle/9620-28th-ave-sw.html,"bakery,establishment,florist,food,grocery_or_supermarket,point_of_interest,store,supermarket",100,Critical,2515,4.1,False,True,2026-01-31,47.5166889,-122.3666833,ChIJjRhZL19BkFQRyKjTI1_hYCU
Jewel-Osco,"333 E Euclid Ave, Mt Prospect, IL 60056, USA",Chicago,IL,(847) 394-9390,https://local.jewelosco.com/il/mount-prospect/333-e-euclid-ave.html,"bakery,establishment,florist,food,grocery_or_supermarket,point_of_interest,store,supermarket",100,Critical,975,4.2,True,False,2026-01-31,42.0873539,-87.93095600000001,ChIJQadJXIi5D4gRKYz0DMk-GsM
Amazon Fresh,"3620 Long Beach Rd, Oceanside, NY 11572, USA",New York,NY,(800) 250-0668,https://amzn.to/3cE3z9X,"bakery,establishment,food,grocery_or_supermarket,liquor_store,point_of_interest,store,supermarket",100,Critical,911,4.1,False,True,2026-01-31,40.6222233,-73.64209799999999,ChIJ_V4Np197wokRP6jSeQotpgE
Jewel-Osco,"1224 S Wabash Ave, Chicago, IL 60605, USA",Chicago,IL,(312) 663-0580,https://local.jewelosco.com/il/chicago/1224-s-wabash-ave.html,"bakery,establishment,florist,food,grocery_or_supermarket,point_of_interest,store,supermarket",100,Critical,3804,4.1,True,False,2026-01-31,41.866463,-87.6262491,ChIJl69B35osDogR5VbyA6Qtvog
Stop & Shop,"8 Franklin St, Bloomfield, NJ 07003, USA",New York,NY,(973) 743-6413,https://stores.stopandshop.com/nj/bloomfield/8-franklin-street?y_source=1_NDE5NTgxMS03MTUtbG9jYXRpb24ud2Vic2l0ZQ%3D%3D,"establishment,food,grocery_or_supermarket,point_of_interest,store",100,Critical,2780,4.1,False,True,2026-01-31,40.7828446,-74.1847569,ChIJJ8dQkOJUwokR1uK35DT6Sbo
Twin City Supermarket - Elizabeth NJ,"1016 Sherman Ave, Elizabeth, NJ 07208, USA",New York,NY,(908) 558-1166,http://twincitysupermarkets.com/,"establishment,food,grocery_or_supermarket,point_of_interest,store,supermarket",100,Critical,2453,4.2,True,False,2026-01-31,40.6869691,-74.20628479999999,ChIJR94sBbhSwokRbes1Ksoo6kE
ACME Markets,"2160 Lemoine Ave, Fort Lee, NJ 07024, USA",New York,NY,(201) 944-1145,https://local.acmemarkets.com/nj/fort-lee/2160-lemoine-ave.html,"bakery,establishment,florist,food,grocery_or_supermarket,point_of_interest,store,supermarket",100,Critical,1329,4.0,True,True,2026-01-31,40.8561878,-73.9650974,ChIJUcPHVMH2wokRAbMo-nSGskQ
Town & Country Market Mill Creek,"15605 Main St, Mill Creek, WA 98012, USA",Seattle,WA,(425) 357-3240,https://townandcountrymarkets.com/markets/mill-creek?utm_source=gbp&utm_medium=organic&utm_campaign=fm,"bakery,establishment,food,grocery_or_supermarket,point_of_interest,store,supermarket",100,Critical,2748,4.7,True,True,2026-01-31,47.8565796,-122.2198233,ChIJ24Tc6XcGkFQRKrAQuApTcEo
Seafood City Supermarket,"31840 Alvarado Blvd, Union City, CA 94587, USA",San Francisco,CA,(510) 429-8739,http://www.seafoodcity.com/,"bakery,establishment,food,grocery_or_supermarket,point_of_interest,restaurant,store",100,Critical,1227,4.0,True,True,2026-01-31,37.5914344,-122.069758,ChIJ4WfBNuiVj4ARYL8HyJw9Jt8
Meijer,"130 S Gary Ave, Bloomingdale, IL 60108, USA",Chicago,IL,(630) 351-7600,https://www.meijer.com/shopping/store-locator/198.html?cmpid=LM:Web::::05112021::GoogleGrocery,"department_store,electronics_store,establishment,food,grocery_or_supermarket,point_of_interest,store,supermarket",100,Critical,2946,4.2,False,True,2026-01-31,41.9551636,-88.1221625,ChIJbXnJt7GrD4gRflUrqRxYWTg
Trader Joe's,"401 Bay St, San Francisco, CA 94133, USA",San Francisco,CA,(415) 351-1013,https://locations.traderjoes.com/ca/san-francisco/19/?utm_source=gmb&utm_medium=organic&utm_campaign=local,"establishment,food,grocery_or_supermarket,health,liquor_store,point_of_interest,store,supermarket",100,Critical,1990,4.6,False,True,2026-01-31,37.8054852,-122.4137755,ChIJBU6MxOSAhYARYAZiSw44REU
Vallarta Supermarkets,"8201 Topanga Canyon Blvd, Canoga Park, CA 91304, USA",Los Angeles,CA,(818) 444-5060,https://vallartasupermarkets.com/store-locations/CanogaPark-12,"bakery,establishment,food,grocery_or_supermarket,point_of_interest,store,supermarket",100,Critical,1167,4.2,True,True,2026-01-31,34.2182708,-118.6073318,ChIJNawN4GCcwoARbSWRci0rhzc
Vallarta Supermarkets,"2394 W Lincoln Ave, Anaheim, CA 92801, USA",Los Angeles,CA,(714) 300-0778,https://vallartasupermarkets.com/store-locations/Anaheim-37,"bakery,establishment,food,grocery_or_supermarket,point_of_interest,store,supermarket",100,Critical,924,4.1,True,False,2026-01-31,33.8313679,-117.9672045,ChIJie4zlZ4p3YARzye4R6UtD2E
Vallarta Supermarkets,"10950 Sherman Way Ste 110, Burbank, CA 91505, USA",Los Angeles,CA,(818) 526-0081,https://vallartasupermarkets.com/store-locations/Burbank-17,"bakery,establishment,food,grocery_or_supermarket,point_of_interest,store,supermarket",100,Critical,1153,4.1,True,False,2026-01-31,34.2005996,-118.3686447,ChIJcfOGrUqUwoAR8oV7TGVaV2Q
Vallarta Supermarkets,"9136 Sepulveda Blvd, North Hills, CA 91343, USA",Los Angeles,CA,(818) 892-0923,https://vallartasupermarkets.com/store-locations/NorthHills-8,"bakery,establishment,food,grocery_or_supermarket,point_of_interest,store,supermarket",100,Critical,1162,4.0,True,False,2026-01-31,34.236583,-118.4664138,ChIJJ-WGL76QwoARB51U80b-V5Q
Vons,"301 N Pass Ave, Burbank, CA 91505, USA",Los Angeles,CA,(818) 848-9542,https://local.vons.com/ca/burbank/301-n-pass-ave.html,"bakery,establishment,florist,food,grocery_or_supermarket,point_of_interest,store,supermarket",100,Critical,1141,4.2,True,True,2026-01-31,34.154867,-118.3465585,ChIJ9Zz8Vs2_woARaCJ2Q8gvygY
Vallarta Supermarkets,"13940 Ramona Blvd, Baldwin Park, CA 91706, USA",Los Angeles,CA,(626) 480-8960,https://vallartasupermarkets.com/store-locations/BaldwinPark-15,"bakery,establishment,food,grocery_or_supermarket,point_of_interest,store,supermarket",100,Critical,624,4.2,False,True,2026-01-31,34.0831623,-117.9687551,ChIJGUFr4JzXwoARMuFBo8v7a5M
Vallarta Supermarkets,"13820 Foothill Blvd, Sylmar, CA 91342, USA",Los Angeles,CA,(818) 362-7577,https://vallartasupermarkets.com/store-locations/Sylmar-7,"bakery,establishment,food,grocery_or_supermarket,point_of_interest,store,supermarket",100,Critical,900,4.0,True,True,2026-01-31,34.3101732,-118.4352197,ChIJmfnt6SuOwoARp10W8CD4xJQ
Pavilions,"8969 Santa Monica Blvd, West Hollywood, CA 90069, USA",Los Angeles,CA,(310) 595-1730,https://local.pavilions.com/ca/west-hollywood/8969-santa-monica-blvd.html,"bakery,establishment,food,grocery_or_supermarket,point_of_interest,store,supermarket",100,Critical,2053,4.4,True,True,2026-01-31,34.0836406,-118.386917,ChIJL0nz-qW-woARNOs60BDrnAM
Meijer,"9200 S Western Ave, Evergreen Park, IL 60805, USA",Chicago,IL,(708) 499-8100,https://www.meijer.com/shopping/store-locator/265.html?cmpid=LM:Web::::05112021::GoogleGrocery,"department_store,electronics_store,establishment,food,grocery_or_supermarket,point_of_interest,store,supermarket",100,Critical,3530,4.3,False,True,2026-01-31,41.7247519,-87.68505019999999,ChIJ05WuVkQlDogRWGLB0BgvXWc
Mariano's,"3030 N Broadway Suite 100, Chicago, IL 60657, USA",Chicago,IL,(773) 935-0294,https://www.marianos.com/stores/grocery/il/chicago/marianos-3030-broadway/531/00538?cid=loc_53100538_gmb,"bakery,establishment,florist,food,grocery_or_supermarket,health,liquor_store,point_of_interest,store",100,Critical,1407,4.2,False,True,2026-01-31,41.9373349,-87.6447764,ChIJJx-TGKfTD4gRzlQFzvvCJ4s
WinCo Foods,"21100 91st Pl S, Kent, WA 98031, USA",Seattle,WA,(253) 850-8818,https://wincofoods.com/,"bakery,establishment,food,grocery_or_supermarket,point_of_interest,store,supermarket",100,Critical,4276,4.4,False,True,2026-01-31,47.4146395,-122.2190107,ChIJnRR5LkFckFQRvJE_w1UyRWc
Meijer,"15701 71st Ct, Orland Park, IL 60462, USA",Chicago,IL,(708) 342-9900,https://www.meijer.com/shopping/store-locator/262.html?cmpid=LM:Web::::05112021::GoogleGrocery,"department_store,electronics_store,establishment,food,grocery_or_supermarket,point_of_interest,store,supermarket",100,Critical,1727,4.2,True,True,2026-01-31,41.6047783,-87.7909497,ChIJMa3QA2k-DogRIKCDcfQWMsY
Jewel-Osco,"9350 W 159th St, Orland Park, IL 60462, USA",Chicago,IL,(708) 403-6920,https://local.jewelosco.com/il/orland-park/9350-w-159th-st.html,"bakery,establishment,florist,food,grocery_or_supermarket,point_of_interest,store,supermarket",100,Critical,1607,4.2,True,True,2026-01-31,41.6034431,-87.8466567,ChIJ_3RgBY0_DogRKNDMmxwV6jA
Mariano's,"333 E Benton Pl, Chicago, IL 60601, USA",Chicago,IL,(312) 228-1349,https://www.marianos.com/stores/grocery/il/chicago/marianos-lakeshore-east/531/00503?cid=loc_53100503_gmb,"bakery,establishment,florist,food,grocery_or_supermarket,health,liquor_store,point_of_interest,store",100,Critical,702,4.1,True,True,2026-01-31,41.8852691,-87.6184837,ChIJo9X181crDogRaEqrf4G9v7I
Food 4 Less,"1724 165th St, Hammond, IN 46320, USA",Chicago,IL,(219) 845-2918,https://www.food4less.com/stores/grocery/in/hammond/hammond-shopping-center/708/00787?cid=loc_70800787_gmb,"bakery,establishment,florist,food,grocery_or_supermarket,health,liquor_store,point_of_interest,store",100,Critical,1480,4.0,True,True,2026-01-31,41.59387,-87.4867809,ChIJMUeMGkfeEYgRaFYLsfdaOt4
Jewel-Osco,"1220 S Ashland Ave, Chicago, IL 60608, USA",Chicago,IL,(312) 733-0153,https://local.jewelosco.com/il/chicago/1220-s-ashland-ave.html,"bakery,establishment,florist,food,grocery_or_supermarket,point_of_interest,store,supermarket",100,Critical,3511,4.1,True,False,2026-01-31,41.86591629999999,-87.668622,ChIJgZ_UMgUtDogRUJ1r21D89DY
Mariano's,"3358 W Touhy Ave, Skokie, IL 60076, USA",Chicago,IL,(847) 763-8801,https://www.marianos.com/stores/grocery/il/skokie/marianos-skokie/531/00531?cid=loc_53100531_gmb,"bakery,establishment,florist,food,grocery_or_supermarket,health,liquor_store,point_of_interest,store",100,Critical,1495,4.3,True,False,2026-01-31,42.0126071,-87.71417749999999,ChIJ1ZOOETTOD4gR_VDlKWiyFI0
Meijer,"611 W Lincoln Hwy, Merrillville, IN 46410, USA",Chicago,IL,(219) 650-3700,https://www.meijer.com/shopping/store-locator/165.html?cmpid=LM:Web::::05112021::GoogleGrocery,"department_store,electronics_store,establishment,food,grocery_or_supermarket,point_of_interest,store,supermarket",100,Critical,4754,4.2,True,True,2026-01-31,41.4677978,-87.34595589999999,ChIJBdD5ACDvEYgR2zMlydxKRDE
Fred Meyer,"915 NW 45th St, Seattle, WA 98107, USA",Seattle,WA,(206) 297-4300,https://www.fredmeyer.com/stores/grocery/wa/seattle/ballard/701/00608?cid=loc_70100608_gmb,"bakery,establishment,florist,food,grocery_or_supermarket,health,liquor_store,point_of_interest,store",100,Critical,2076,4.1,True,True,2026-01-31,47.6600943,-122.368277,ChIJXSTtXrAVkFQRb2hIZH2J5yM
Safeway,"11330 51st Ave NW, Gig Harbor, WA 98332, USA",Seattle,WA,(253) 853-4750,https://local.safeway.com/safeway/wa/gig-harbor/11330-nw-51st-ave.html,"bakery,establishment,florist,food,grocery_or_supermarket,point_of_interest,store,supermarket",100,Critical,1531,4.1,True,True,2026-01-31,47.3608307,-122.6046917,ChIJ2WV122VNkFQRYvzMd-as31g
Fred Meyer,"14300 1st Ave S, Burien, WA 98168, USA",Seattle,WA,(206) 433-6411,https://www.fredmeyer.com/stores/grocery/wa/burien/burien/701/00028?cid=loc_70100028_gmb,"bakery,establishment,florist,food,grocery_or_supermarket,health,liquor_store,point_of_interest,store",100,Critical,2312,4.1,False,True,2026-01-31,47.4751906,-122.3315642,ChIJ3buWuntDkFQRht16jF1GLIo
Fred Meyer,"4505 S 19th St, Tacoma, WA 98405, USA",Seattle,WA,(253) 756-9280,https://www.fredmeyer.com/stores/grocery/wa/tacoma/tacoma-stevens/701/00390?cid=loc_70100390_gmb,"bakery,establishment,florist,food,grocery_or_supermarket,health,liquor_store,point_of_interest,store",100,Critical,2030,4.1,False,True,2026-01-31,47.2437188,-122.4972475,ChIJewAAZDJVkFQRU4QxQujUJpc
Fred Meyer,"4615 196th St SW Ste 175, Lynnwood, WA 98036, USA",Seattle,WA,(425) 670-0200,https://www.fredmeyer.com/stores/grocery/wa/lynnwood/lynnwood/701/00180?cid=loc_70100180_gmb,"bakery,establishment,florist,food,grocery_or_supermarket,health,liquor_store,point_of_interest,store",100,Critical,2359,4.1,True,False,2026-01-31,47.8221239,-122.2955346,ChIJ1RSRZUAFkFQROUYO4wujGc8
Safeway,"10223 Gravelly Lake Dr SW, Lakewood, WA 98499, USA",Seattle,WA,(253) 581-2072,https://local.safeway.com/safeway/wa/lakewood/10223-gravelly-lake-dr-sw.html,"bakery,establishment,florist,food,grocery_or_supermarket,point_of_interest,store,supermarket",100,Critical,3328,4.1,True,True,2026-01-31,47.1641406,-122.5184299,ChIJZXir5N4AkVQReUi70l15K0Y
Vallarta Supermarkets,"655 N Fair Oaks Ave, Pasadena, CA 91103, USA",Los Angeles,CA,(626) 204-6960,https://vallartasupermarkets.com/store-locations/Pasadena-51,"bakery,establishment,food,grocery_or_supermarket,point_of_interest,store,supermarket",100,Critical,1204,4.4,True,False,2026-01-31,34.1567375,-118.1522224,ChIJNzwJFwzDwoARvHdYAvWqAYE
Uwajimaya Seattle,"600 5th Ave S, Seattle, WA 98104, USA",Seattle,WA,(206) 624-6248,https://www.uwajimaya.com/visit/seattle/?utm_source=localprofiles&utm_medium=organic&utm_content=seattle&utm_campaign=fm,"establishment,food,grocery_or_supermarket,point_of_interest,store,supermarket",100,Critical,10247,4.6,True,True,2026-01-31,47.5968404,-122.3267453,ChIJq9nX27xqkFQRu05rxkrN7f4
Vons,"3650 S Bristol St, Santa Ana, CA 92704, USA",Los Angeles,CA,(714) 540-0510,https://local.vons.com/ca/santa-ana/3650-s-bristol-st.html,"bakery,establishment,florist,food,grocery_or_supermarket,point_of_interest,store,supermarket",100,Critical,1552,4.2,True,False,2026-01-31,33.6983107,-117.8870237,ChIJ-yzkICzf3IARk3Ith2yj1G0
Safeway,"2800 Ygnacio Valley Rd, Walnut Creek, CA 94598, USA",San Francisco,CA,(925) 948-2283,https://local.safeway.com/safeway/ca/walnut-creek/2800-ygnacio-valley-rd.html,"bakery,establishment,florist,food,grocery_or_supermarket,point_of_interest,store,supermarket",100,Critical,1058,4.4,False,True,2026-01-31,37.9272484,-122.0185483,ChIJ40s1z11ghYAR61wCDBhfcww
Safeway,"2600 Willow Pass Rd, Concord, CA 94519, USA",San Francisco,CA,(925) 689-3240,https://local.safeway.com/safeway/ca/concord/2600-willow-pass-rd.html,"bakery,establishment,florist,food,grocery_or_supermarket,point_of_interest,store,supermarket",100,Critical,2136,4.1,True,True,2026-01-31,37.9782215,-122.0282109,ChIJC_ZoaSVnhYARLMmMa3zm7QA
Safeway,"921 E Hillsdale Blvd, Foster City, CA 94404, USA",San Francisco,CA,(650) 377-0711,https://local.safeway.com/safeway/ca/foster-city/921-e-hillsdale-blvd.html,"bakery,establishment,florist,food,grocery_or_supermarket,point_of_interest,store,supermarket",100,Critical,1237,4.2,False,True,2026-01-31,37.5568552,-122.2757994,ChIJ3c8EZtCej4ARPx3neXP_4R0
Foodmaxx,"3000 E 9th St, Oakland, CA 94606, USA",San Francisco,CA,(510) 437-8000,https://www.foodmaxx.com/stores/479697d0-1744-40e7-8a24-2da38dc0d6c6/E.%20NINTH/484/OAKLAND,"establishment,food,grocery_or_supermarket,meal_delivery,point_of_interest,restaurant,store,supermarket",100,Critical,2316,4.0,True,True,2026-01-31,37.7754633,-122.2306101,ChIJS53IevKGj4ARcWN0fAkZVIY
Safeway,"39100 Argonaut Way, Fremont, CA 94538, USA",San Francisco,CA,(510) 794-1666,https://local.safeway.com/safeway/ca/fremont/39100-argonaut-way.html,"bakery,establishment,florist,food,grocery_or_supermarket,point_of_interest,store,supermarket",100,Critical,1744,4.0,True,False,2026-01-31,37.5453319,-121.9894383,ChIJ01MvKZzAj4AR82AKNv8jfY0
Foodmaxx,"699 Lewelling Blvd, San Leandro, CA 94579, USA",San Francisco,CA,(510) 614-7345,https://www.foodmaxx.com/stores/873af1b9-65c8-4a9f-bcbe-3c432a1916de/SAN%20LEANDRO/416/SAN%20LEANDRO,"establishment,food,grocery_or_supermarket,meal_delivery,point_of_interest,restaurant,store,supermarket",100,Critical,1126,4.0,True,True,2026-01-31,37.6878718,-122.1351291,ChIJVaF-SjaQj4AROku0k4S6Vk4
Safeway,"15 Marina Blvd, San Francisco, CA 94123, USA",San Francisco,CA,(415) 563-4946,https://local.safeway.com/safeway/ca/san-francisco/15-marina-blvd.html,"bakery,establishment,florist,food,grocery_or_supermarket,point_of_interest,store,supermarket",100,Critical,2881,4.2,True,True,2026-01-31,37.8044671,-122.4328651,ChIJd95lW9iAhYARwmwzx6GugCg
Safeway,"525 El Camino Real, Millbrae, CA 94030, USA",San Francisco,CA,(650) 652-3416,https://local.safeway.com/safeway/ca/millbrae/525-el-camino-real.html,"bakery,establishment,florist,food,grocery_or_supermarket,point_of_interest,store,supermarket",100,Critical,2140,4.1,True,False,2026-01-31,37.6033699,-122.3942131,ChIJ0XfB9KN3j4ARiy4PWu41ExA
Safeway,"6310 College Ave, Oakland, CA 94618, USA",San Francisco,CA,(510) 985-0012,https://local.safeway.com/safeway/ca/oakland/6310-college-ave.html,"bakery,establishment,florist,food,grocery_or_supermarket,point_of_interest,store,supermarket",100,Critical,1743,4.0,False,True,2026-01-31,37.85058,-122.2521213,ChIJCYYAFMV9hYARmJORQa4TX58
Safeway,"46848 Mission Blvd, Fremont, CA 94539, USA",San Francisco,CA,(510) 497-1003,https://local.safeway.com/safeway/ca/fremont/46848-mission-blvd.html,"bakery,establishment,florist,food,grocery_or_supermarket,point_of_interest,store,supermarket",100,Critical,1552,4.1,True,True,2026-01-31,37.4896436,-121.9274557,ChIJZYFdHkPGj4ARSQ2sRvpqL8o
Pavilions,"1101 Pacific Coast Hwy, Seal Beach, CA 90740, USA",Los Angeles,CA,(562) 370-1937,https://local.pavilions.com/ca/seal-beach/1101-pacific-coast-hwy.html,"bakery,establishment,food,grocery_or_supermarket,point_of_interest,store,supermarket",100,Critical,680,4.4,True,True,2026-01-31,33.7440004,-118.0999777,ChIJG2NdS-Uv3YAR8_WSVvgeRQc
Safeway,"6688 Alhambra Ave, Martinez, CA 94553, USA",San Francisco,CA,(925) 933-0540,https://local.safeway.com/safeway/ca/martinez/6688-alhambra-ave.html,"bakery,establishment,florist,food,grocery_or_supermarket,point_of_interest,store,supermarket",100,Critical,628,4.1,True,False,2026-01-31,37.9579261,-122.0939505,ChIJFdVUtBpkhYARinhQ3b4eLkc
Ralphs,"160 N Lake Ave, Pasadena, CA 91101, USA",Los Angeles,CA,(626) 793-7480,https://www.ralphs.com/stores/grocery/ca/pasadena/lake/703/00096?cid=loc_70300096_gmb,"bakery,establishment,florist,food,grocery_or_supermarket,health,liquor_store,point_of_interest,store",100,Critical,1118,4.2,True,True,2026-01-31,34.1489613,-118.1312764,ChIJ-U_qDUPDwoAR7KxUK_89KBY
Pavilions,"3901 Portola Pkwy, Irvine, CA 92602, USA",Los Angeles,CA,(657) 273-5753,https://local.pavilions.com/ca/irvine/3901-portola-pkwy.html,"bakery,establishment,food,grocery_or_supermarket,point_of_interest,store,supermarket",95,Critical,424,4.4,False,True,2026-01-31,33.7349521,-117.760729,ChIJaRdy8p_c3IARg7487FsNkXU
Kings Liquor & Junior Market,"500 W Orangewood Ave, Anaheim, CA 92802, USA",Los Angeles,CA,(714) 971-2000,,"convenience_store,establishment,food,grocery_or_supermarket,liquor_store,point_of_interest,store",95,Critical,245,4.8,True,False,2026-01-31,33.795706,-117.914313,ChIJtVLaFubX3IARgII1XhXdrPI
Walmart Supercenter,"77 Green Acres Rd S, Valley Stream, NY 11581, USA",New York,NY,(516) 887-0127,https://www.walmart.com/store/5293-valley-stream-ny/?veh=seo_loc,"bakery,clothing_store,department_store,electronics_store,establishment,food,furniture_store,grocery_or_supermarket,hardware_store,home_goods_store,point_of_interest,store",90,Critical,23500,3.9,False,True,2026-01-31,40.6607799,-73.726629,ChIJA9hlDhVkwokRD3kgG5Ll7xc
Cardenas Markets,"1630 High St, Oakland, CA 94601, USA",San Francisco,CA,(510) 532-2654,https://locations.cardenasmarkets.com/ll/us/ca/oakland/1630-high-st,"establishment,food,grocery_or_supermarket,point_of_interest,store,supermarket",90,Critical,2258,3.8,False,True,2026-01-31,37.7733434,-122.21213,ChIJ8TutmGaGj4ARJoiSsRR87_E
Safeway,"30 Chestnut Ave, South San Francisco, CA 94080, USA",San Francisco,CA,(650) 952-8867,https://local.safeway.com/safeway/ca/south-san-francisco/30-chestnut-ave.html,"bakery,establishment,florist,food,grocery_or_supermarket,point_of_interest,store,supermarket",90,Critical,1434,3.9,True,False,2026-01-31,37.6555557,-122.4316232,ChIJidNPqnd5j4AR-8q-9kPqwuQ
Walmart Supercenter,"9265 159th St, Orland Hills, IL 60487, USA",Chicago,IL,(708) 349-4300,https://www.walmart.com/store/1556-orland-hills-il/?veh=seo_loc,"bakery,clothing_store,department_store,electronics_store,establishment,food,furniture_store,grocery_or_supermarket,hardware_store,home_goods_store,point_of_interest,store",90,Critical,5459,3.9,False,True,2026-01-31,41.5991373,-87.84296780000001,ChIJvaXXUY0_DogR7Ya6LpXx1TY
Safeway,"1207 S 320th St, Federal Way, WA 98003, USA",Seattle,WA,(253) 839-8503,https://local.safeway.com/safeway/wa/federal-way/1207-s-320th-st.html,"bakery,establishment,florist,food,grocery_or_supermarket,point_of_interest,store,supermarket",90,Critical,2305,3.8,True,False,2026-01-31,47.31364050000001,-122.3179706,ChIJyzuqbXZXkFQRyE6WPSY0Xkw
Jewel-Osco,"1341 N Paulina St, Chicago, IL 60622, USA",Chicago,IL,(773) 342-3410,https://local.jewelosco.com/il/chicago/1341-n-paulina-st.html,"bakery,establishment,florist,food,grocery_or_supermarket,point_of_interest,store,supermarket",90,Critical,2377,3.9,True,False,2026-01-31,41.9064754,-87.66944629999999,ChIJFVSfe8XSD4gRwDhg57GSuOw
South Loop Market - Michigan Ave,"1720 S Michigan Ave, Chicago, IL 60616, USA",Chicago,IL,(312) 753-5793,http://www.southloopmarket.com/,"convenience_store,establishment,food,grocery_or_supermarket,point_of_interest,store,supermarket",90,Critical,58,4.6,True,False,2026-01-31,41.8584799,-87.6241136,ChIJUUWB0IYsDogR36y5gkXliA0
South Loop Market,"2135 S Michigan Ave, Chicago, IL 60616, USA",Chicago,IL,(312) 328-3680,http://www.southloopmarket.com/,"convenience_store,establishment,food,grocery_or_supermarket,liquor_store,point_of_interest,store,supermarket",90,Critical,65,4.0,True,False,2026-01-31,41.8531859,-87.62359819999999,ChIJc_fB1X0sDogRA5HAqONM4rA
QFC,"1401 Broadway, Seattle, WA 98122, USA",Seattle,WA,(206) 860-3818,https://www.qfc.com/stores/grocery/wa/seattle/harvard-market/705/00847?cid=loc_70500847_gmb,"bakery,establishment,florist,food,grocery_or_supermarket,health,liquor_store,point_of_interest,store",90,Critical,2323,3.8,True,False,2026-01-31,47.6138266,-122.3211088,ChIJMUGlcMxqkFQRYOqBHimvYbg
Safeway,"5100 Broadway, Oakland, CA 94611, USA",San Francisco,CA,(510) 285-0782,https://local.safeway.com/safeway/ca/oakland/5100-broadway.html,"bakery,establishment,florist,food,grocery_or_supermarket,point_of_interest,store,supermarket",90,Critical,2073,3.9,False,True,2026-01-31,37.8348736,-122.2486188,ChIJfRZHCu59hYARiUkphuUXcPI
Safeway,"231 W Jackson St, Hayward, CA 94544, USA",San Francisco,CA,(510) 783-8611,https://local.safeway.com/safeway/ca/hayward/231-w-jackson-st.html,"bakery,establishment,florist,food,grocery_or_supermarket,point_of_interest,store,supermarket",90,Critical,1267,3.8,False,True,2026-01-31,37.6526998,-122.0915008,ChIJdxZesFCRj4ARoSdIWVPi5EA
Pak 'N Save Foods,"3889 San Pablo Ave, Emeryville, CA 94608, USA",San Francisco,CA,(510) 450-1200,https://local.safeway.com/pak-n-save/ca/emeryville/3889-san-pablo-ave.html,"bakery,establishment,florist,food,grocery_or_supermarket,point_of_interest,store,supermarket",90,Critical,1992,3.8,True,False,2026-01-31,37.8293981,-122.2799636,ChIJUXe31hN-hYARgUNqPCC8Ib4
Southsea Grocery,"917 E Jefferson St, Seattle, WA 98122, USA",Seattle,WA,(206) 624-8371,,"convenience_store,establishment,food,grocery_or_supermarket,point_of_interest,store,supermarket",90,Critical,62,4.7,True,True,2026-01-31,47.6060409,-122.3199817,ChIJbX5378dqkFQR_1cZ41SCAAM
Safeway,"2020 Market St, San Francisco, CA 94114, USA",San Francisco,CA,(415) 861-7660,https://local.safeway.com/safeway/ca/san-francisco/2020-market-st.html,"bakery,establishment,florist,food,grocery_or_supermarket,point_of_interest,store,supermarket",90,Critical,4504,3.8,True,True,2026-01-31,37.7691755,-122.4278748,ChIJRRbkIx5-j4ARLyQH0X-xdbY
Community Grocery,"415 Seneca St, Seattle, WA 98101, USA",Seattle,WA,(206) 682-7535,,"convenience_store,establishment,food,point_of_interest,store",90,Critical,109,4.6,True,False,2026-01-31,47.6075778,-122.3332777,ChIJNeh4UrFqkFQRV3OXAHsHZxg
Safeway,"298 King St, San Francisco, CA 94107, USA",San Francisco,CA,(415) 633-1001,https://local.safeway.com/safeway/ca/san-francisco/298-king-st.html,"bakery,establishment,florist,food,grocery_or_supermarket,point_of_interest,store,supermarket",90,Critical,1803,3.8,True,False,2026-01-31,37.7767786,-122.3940717,ChIJ7yjl6tZ_j4AR8EZbiYD5hKs
Safeway,"2300 16th St Unit 203, San Francisco, CA 94103, USA",San Francisco,CA,(415) 575-1120,https://local.safeway.com/safeway/ca/san-francisco/2300-16th-st-unit-203.html,"bakery,establishment,florist,food,grocery_or_supermarket,point_of_interest,store,supermarket",90,Critical,2656,3.8,True,True,2026-01-31,37.7669091,-122.4093346,ChIJ9a3hyi9-j4AR2ayb9h1Vxss
Vallarta Supermarkets,"21208 Sherman Way, Canoga Park, CA 91303, USA",Los Angeles,CA,(818) 346-1665,https://vallartasupermarkets.com/store-locations/CanogaPark-11,"bakery,establishment,food,grocery_or_supermarket,point_of_interest,store,supermarket",90,Critical,622,3.9,True,False,2026-01-31,34.2006083,-118.5948544,ChIJVwc-yROcwoARa__mUXb0w-E
Safeway,"2811 Middlefield Rd, Palo Alto, CA 94306, USA",San Francisco,CA,(650) 321-8400,https://local.safeway.com/safeway/ca/palo-alto/2811-middlefield-rd.html,"bakery,establishment,florist,food,grocery_or_supermarket,point_of_interest,store,supermarket",90,Critical,705,3.9,False,True,2026-01-31,37.4328752,-122.1272763,ChIJd78gt1e6j4ARNvamGuQ4hDs
Seven Star Mini Mart,"1917 S Jackson St, Seattle, WA 98144, USA",Seattle,WA,(206) 329-8608,,"convenience_store,establishment,food,point_of_interest,store",90,Critical,51,4.6,True,False,2026-01-31,47.5989313,-122.3068405,ChIJxW9_ZepqkFQRVILygDbJWGE
Walmart Neighborhood Market,"4080 Stevens Creek Blvd, San Jose, CA 95129, USA",San Francisco,CA,(408) 556-4505,https://www.walmart.com/store/2486-san-jose-ca/?veh=seo_loc,"bakery,department_store,establishment,food,grocery_or_supermarket,point_of_interest,store,supermarket",90,Critical,2456,3.9,False,True,2026-01-31,37.3216605,-121.9732084,ChIJcezwU5LKj4ARolZJF2W8cmo
A&M Convenience SMOKE SHOP,"2201 S Clinton Ave Unit G, South Plainfield, NJ 07080, USA",New York,NY,(908) 769-9199,,"convenience_store,establishment,food,grocery_or_supermarket,point_of_interest,store",90,Critical,55,4.9,True,True,2026-01-31,40.5795226,-74.4309037,ChIJOSE00bW5w4kRKV-RhXwLPGM
Crenshaw Market & Liquor,"6224 Crenshaw Blvd, Los Angeles, CA 90043, USA",Los Angeles,CA,(323) 880-8200,,"convenience_store,establishment,food,liquor_store,point_of_interest,store",85,High,38,4.3,True,True,2026-02-04,33.9830193,-118.3306847,ChIJC0kGu723woARn63rSgjRUYU
Russells Convenience,"C-125 C, 333 S Hope St, Los Angeles, CA 90071, USA",Los Angeles,CA,(213) 628-5064,http://www.russellsconvenience.net/,"convenience_store,establishment,food,point_of_interest,store",85,High,1,5.0,True,False,2026-02-04,34.0537492,-118.2530924,ChIJaxrjz7LHwoARyNuXTYYvpJc
Randee's Food & Liquors,"4319-21 N Milwaukee Ave, Chicago, IL 60641, USA",Chicago,IL,,http://www.randeeschicago.com/,"convenience_store,establishment,food,liquor_store,point_of_interest,store",85,High,31,4.7,False,True,2026-02-04,41.959575,-87.7531139,ChIJIZDyHD_MD4gRbjwLmedpvW4
Both Sides Convenience,"1627 Broadway, Oakland, CA 94612, USA",San Francisco,CA,(510) 330-9270,,"convenience_store,establishment,food,point_of_interest,store",85,High,41,4.1,True,True,2026-02-04,37.80652690000001,-122.2702077,ChIJoRLLNrKAj4ARrX1aV7s6hVQ
Alys convenience store,"1104 N Dearborn St, Chicago, IL 60610, USA",Chicago,IL,(773) 858-8971,,"convenience_store,establishment,food,point_of_interest,store",85,High,26,4.7,True,True,2026-02-04,41.9021426,-87.6300861,ChIJsRbT2RfTD4gR4JFJLhBk298
Regents Market,"1644 E Hyde Park Blvd, Chicago, IL 60615, USA",Chicago,IL,(708) 316-8194,,"convenience_store,establishment,food,point_of_interest,store",85,High,33,4.2,True,True,2026-02-04,41.80271,-87.58485069999999,ChIJVSxjfEUpDogR7tz4G-eQWvg
Convenience 35,"35 W Wacker Dr, Chicago, IL 60601, USA",Chicago,IL,(312) 251-6112,,"convenience_store,establishment,food,point_of_interest,store",85,High,4,5.0,True,False,2026-02-04,41.8862865,-87.6290822,ChIJcZc3I7AsDogR-eial_Qjfz4
A One Food Mart & Beauty Supply,"1329 W 18th St, Chicago, IL 60608, USA",Chicago,IL,(312) 733-3162,,"convenience_store,establishment,food,point_of_interest,store",85,High,19,4.5,True,True,2026-02-04,41.85780339999999,-87.6601335,ChIJp0t1WwAtDogR81OJqMVb8CU
Grand Food Mart,"200 W Grand Ave, Chicago, IL 60654, USA",Chicago,IL,(312) 527-4444,,"convenience_store,establishment,food,health,liquor_store,point_of_interest,store",85,High,25,4.0,True,False,2026-02-04,41.8917617,-87.6342366,ChIJ8VO_bLQsDogRejefSGlZdNY
Starlight Market,"402 Ellis St, San Francisco, CA 94102, USA",San Francisco,CA,(415) 371-9162,https://nrsgo.com/starlight_market,"convenience_store,establishment,food,liquor_store,point_of_interest,store",85,High,45,4.3,False,True,2026-02-04,37.7849613,-122.4129526,ChIJ5bGoIZCAhYARo4qqJp0xvoY
Circle K,"850 N State St, Chicago, IL 60610, USA",Chicago,IL,(312) 280-7761,https://www.circlek.com/store-locator/US/chicago/850-n-state-st/4706901?utm_source=google&utm_medium=local&utm_campaign=google-local,"convenience_store,establishment,food,point_of_interest,store",85,High,24,4.0,True,True,2026-02-04,41.898333,-87.62857799999999,ChIJz69NwKXTD4gR_b6G1FLZd7g
Mason street market,"39 Mason St, San Francisco, CA 94102, USA",San Francisco,CA,(415) 346-1400,,"convenience_store,establishment,food,grocery_or_supermarket,point_of_interest,store",85,High,4,4.5,False,True,2026-02-04,37.7838726,-122.4094292,ChIJQYyUBseBhYARPPO7btsih2o
ABC Convenience Grocery,"22309 7th Ave S #1a, Des Moines, WA 98198, USA",Seattle,WA,(206) 878-4144,,"convenience_store,establishment,food,grocery_or_supermarket,point_of_interest,store",85,High,46,4.9,True,True,2026-02-04,47.4016652,-122.3263395,ChIJHWfM4wFbkFQRcCsm8sHE9qY
Polk & Post Convenience Store,"1101 Post St, San Francisco, CA 94109, USA",San Francisco,CA,(415) 240-9332,,"convenience_store,establishment,food,point_of_interest,store",85,High,19,4.7,False,True,2026-02-04,37.786626,-122.42011,ChIJhQE2lDSBhYARinwtEfSbxcM
Geary & Hyde Market,"798 Geary St, San Francisco, CA 94109, USA",San Francisco,CA,(415) 775-4630,,"convenience_store,establishment,food,grocery_or_supermarket,point_of_interest,store",85,High,15,4.1,True,False,2026-02-04,37.7864476,-122.4163229,ChIJLdXkbZGAhYARoSI5JHiFeng
WHEATON CONVENIENCE,"1026 College Ave, Wheaton, IL 60187, USA",Chicago,IL,(331) 444-8339,,"convenience_store,establishment,food,point_of_interest,store",85,High,22,4.3,True,True,2026-02-04,41.8689209,-88.0907904,ChIJOXNt7kxVDogRdP9Ubdp2cUE
1160 Convenience Store Corp.,"1160 Willmohr St, Brooklyn, NY 11212, USA",New York,NY,,,"convenience_store,establishment,food,point_of_interest,store",85,High,14,4.3,True,False,2026-02-04,40.6581266,-73.91585719999999,ChIJIX0LpI1cwokRrXenh1iVh20
LPB Convenience Store,"110 E Anaheim St Suite F, Long Beach, CA 90813, USA",Los Angeles,CA,(562) 432-9900,,"convenience_store,establishment,food,point_of_interest,store",85,High,28,4.8,True,False,2026-02-04,33.7824508,-118.1920668,ChIJzR7EOkUx3YAR5NA_XkUW27M
Stop N Go Convenience Store & Liquor,"81 Palisade Ave, Cliffside Park, NJ 07010, USA",New York,NY,(201) 945-8116,http://facebook.com/stopngoliquorstore,"convenience_store,establishment,food,grocery_or_supermarket,liquor_store,point_of_interest,store",85,High,13,4.2,True,False,2026-02-04,40.8079396,-73.995541,ChIJGbNgZsX3wokRHUx0Yhc2mZk
MIDWOOD CONVENIENCE CORP.,"1703 Avenue M, Brooklyn, NY 11230, USA",New York,NY,,,"convenience_store,establishment,food,point_of_interest,store",85,High,1,5.0,True,False,2026-02-04,40.6183778,-73.9578894,ChIJhXq_SdlFwokRCx9xnDFj2M4
Super 7 Food Market,"109 New Canaan Ave, Norwalk, CT 06850, USA",New York,NY,(203) 845-0333,,"convenience_store,establishment,food,point_of_interest,store",85,High,15,4.1,True,False,2026-02-04,41.1272914,-73.4339722,ChIJ9d-xQscd6IkRNhv26VuTcpU
Shop n' Roll,"458 Cedar Ave, Long Beach, CA 90802, USA",Los Angeles,CA,(562) 262-5687,https://conveniencestorelongbeach.com/,"convenience_store,establishment,food,grocery_or_supermarket,point_of_interest,store",85,High,41,4.0,False,True,2026-02-04,33.7727778,-118.1948727,ChIJ8ycYBUgx3YAR5Il4zhSrKhs
I Street Market,"721 S I St, Tacoma, WA 98405, USA",Seattle,WA,(253) 272-6121,,"convenience_store,establishment,food,point_of_interest,store",85,High,15,4.3,True,True,2026-02-04,47.2555517,-122.4493929,ChIJ95QCbAlVkFQRolyQ7Zl4RhA
NYC convenience (maiden lane),"100 Maiden Ln, New York, NY 10038, USA",New York,NY,(518) 675-3636,,"convenience_store,establishment,food,point_of_interest,store",85,High,9,4.6,True,False,2026-02-04,40.7066745,-74.0071976,ChIJu25z8A9bwokRAw6xrvfJazU
Prince Smoke N Convenient Shop Inc,"6006 S Cass Ave, Westmont, IL 60559, USA",Chicago,IL,(331) 777-5661,https://princesmokenconvenient.com/,"convenience_store,establishment,food,point_of_interest,store",85,High,48,4.6,False,True,2026-02-04,41.7786431,-87.9753786,ChIJhU2Sp_FPDogRmTyiqQOAoE8
Convenient Etc,"3723 N Harlem Ave, Chicago, IL 60634, USA",Chicago,IL,(773) 725-4240,,"convenience_store,establishment,food,liquor_store,point_of_interest,store",85,High,9,5.0,True,False,2026-02-04,41.9477638,-87.8068196,ChIJKbj556_LD4gRxZbLXI9ksig
Market Grocery & Deli,"2003 1st Ave, Seattle, WA 98121, USA",Seattle,WA,(206) 441-6086,,"convenience_store,establishment,food,point_of_interest,store",85,High,50,4.6,False,True,2026-02-04,47.6111245,-122.3430032,ChIJq20qL00VkFQRUFt1EMX4HRs
Taquera El Pastor,"4418 W 63rd St, Chicago, IL 60629, USA",Chicago,IL,(773) 284-1003,https://taqueriaelpastor.shop/,"establishment,food,point_of_interest,restaurant",80,High,2117,4.2,True,True,2026-02-04,41.7786892,-87.7333197,ChIJeaLHN6sxDogRaJWGQSoxwpM
La Lupita Mexican Restaurant,"6539 Cermak Rd, Berwyn, IL 60402, USA",Chicago,IL,(708) 788-8226,https://lalupitaberwyn.com/,"bar,establishment,food,night_club,point_of_interest,restaurant",80,High,1720,4.1,False,True,2026-02-04,41.85026120000001,-87.7879289,ChIJge8-EmU0DogRj5K9egnKPr4
Los Compadres Taqueria,"1801 Algonquin Rd, Mt Prospect, IL 60056, USA",Chicago,IL,(847) 437-4601,https://www.loscompadresmp.com/,"establishment,food,point_of_interest,restaurant",80,High,1269,4.4,True,False,2026-02-04,42.037136,-87.965131,ChIJeXb5bPKwD4gReA_mCIgdx0A
Good Tequila's Mexican Grill,"950 Elk Grove Town Center, Elk Grove Village, IL 60007, USA",Chicago,IL,(847) 871-5164,https://goodtequilaschicago.com/,"establishment,food,point_of_interest,restaurant",80,High,1120,4.2,True,True,2026-02-04,42.0019608,-88.0063019,ChIJ310ITnS-D4gR0c-ynruE9KM
Restaurant Los Molcajetes,"3532 W Montrose Ave, Chicago, IL 60618, USA",Chicago,IL,(773) 267-1834,https://restaurantlosmolcajetesil.com/,"establishment,food,point_of_interest,restaurant",80,High,531,4.3,False,True,2026-02-04,41.9612428,-87.7170507,ChIJlU0hAerND4gR2eBgV0H2stg
Maria's Mexican Restaurant,"9440 Foster Ave, Chicago, IL 60656, USA",Chicago,IL,(773) 992-2288,http://foster.mariasmexicanrestaurant.com/,"establishment,food,point_of_interest,restaurant",80,High,2689,4.4,True,False,2026-02-04,41.9735257,-87.863822,ChIJo7XMRPu1D4gRxuQqLS2aFz8
Buena Vista | Mexican Restaurant Lakeview,"3147 N Broadway, Chicago, IL 60657, USA",Chicago,IL,(773) 871-5782,http://www.buenachicago.com/,"establishment,food,point_of_interest,restaurant",80,High,550,4.7,False,True,2026-02-04,41.9389445,-87.64414889999999,ChIJK3yyuKbTD4gRaQTX1n6-VrM
La Cocina De Mama,"5721 W 95th St, Oak Lawn, IL 60453, USA",Chicago,IL,(708) 930-7050,http://lacocinademama.info/,"establishment,food,point_of_interest,restaurant",80,High,1100,4.7,True,False,2026-02-04,41.719383,-87.7636859,ChIJIW0MVvE7DogRJDHfeBThHvI
Pancho Pistolas Authentic Mexican Restaurant,"700 W 31st St, Chicago, IL 60616, USA",Chicago,IL,(312) 225-8808,http://www.panchopistolas.com/,"establishment,food,point_of_interest,restaurant",80,High,1829,4.3,True,True,2026-02-04,41.8383,-87.64402199999999,ChIJU2tJJkcsDogRA52J40DGLrE
Chinese Kitchen Sushi,"420 W 31st St, Chicago, IL 60616, USA",Chicago,IL,(312) 842-8996,https://www.orderonlinehub.com/chinesekitchensushi_lo86han25cv3q,"establishment,food,meal_delivery,point_of_interest,restaurant",80,High,560,4.1,False,True,2026-02-04,41.83846519999999,-87.63743620000001,ChIJPQmGYWosDogRsUjm1eUyRH0
El Gran Taco Mexican Grill,"4841 Indianapolis Blvd, East Chicago, IN 46312, USA",Chicago,IL,(219) 397-2192,http://www.gtaco.com/,"establishment,food,point_of_interest,restaurant",80,High,2017,4.0,True,True,2026-02-04,41.6260273,-87.4805499,ChIJuYBN1-zeEYgRKBattDuwdto
El Pueblito Mexican Grill,"5152 N Cicero Ave, Chicago, IL 60630, USA",Chicago,IL,(773) 205-0917,https://orderelpueblito.com/?utm_source=google,"establishment,food,point_of_interest,restaurant",80,High,788,4.3,False,True,2026-02-04,41.9749953,-87.7482936,ChIJq6dotyfMD4gR5EgmUy_EPec
Golden Boy Pizza,"542 Green St, San Francisco, CA 94133, USA",San Francisco,CA,(415) 982-9738,http://www.goldenboypizza.com/,"establishment,food,point_of_interest,restaurant",80,High,4769,4.7,True,False,2026-02-04,37.7997625,-122.4080927,ChIJmx3iW_GAhYARrlV9H2vyE-E
7-Eleven,"48 N Wells St, Chicago, IL 60606, USA",Chicago,IL,(312) 332-9262,https://www.7-eleven.com/locations/il/chicago/48-n-wells-street-32889?utm_source=G&utm_medium=local&utm_campaign=google-local,"cafe,convenience_store,establishment,food,liquor_store,point_of_interest,restaurant,store",80,High,64,2.2,False,True,2026-02-04,41.8830469,-87.6340719,ChIJbbgpnbksDogRHacQDJXel0Q
McCormick Market,"80 E Cermak Rd C, Chicago, IL 60616, USA",Chicago,IL,(312) 285-2665,http://www.mccormickmarketchicago.com/,"convenience_store,establishment,food,meal_delivery,point_of_interest,store",80,High,59,3.8,True,True,2026-02-04,41.8531016,-87.62401539999999,ChIJzQ5ezX0sDogRAUjJfZmj7so
The Pizza Coop & Ale House,"13317 NE 175th St, Woodinville, WA 98072, USA",Seattle,WA,(425) 242-3781,http://www.thepizzacoop.com/,"establishment,food,point_of_interest,restaurant",80,High,1714,4.5,True,True,2026-02-04,47.753992,-122.161179,ChIJJ-ejQioMkFQRk7sz6pWGnkw
El Camino,"607 N 35th St, Seattle, WA 98103, USA",Seattle,WA,(206) 632-7303,http://www.elcaminorestaurant.com/,"bar,establishment,food,point_of_interest,restaurant",80,High,1585,4.3,False,True,2026-02-04,47.6504867,-122.350945,ChIJG1fMRwcVkFQRvdZr5ZGXYw8
Tutta Bella Neapolitan Pizzeria - Columbia City,"4918 Rainier Ave S, Seattle, WA 98118, USA",Seattle,WA,(206) 721-3501,https://www.tuttabella.com/location/tutta-bella-columbia-city/,"bar,cafe,establishment,food,point_of_interest,restaurant,store",80,High,1297,4.5,True,False,2026-02-04,47.5572087,-122.2844914,ChIJn1OMmg5qkFQRt2D0W86TUt4
5 Hermanos Restaurant,"10707 SE Carr Rd, Renton, WA 98055, USA",Seattle,WA,(425) 227-9104,https://www.5hermanosmexicanrestaurant.com/,"establishment,food,point_of_interest,restaurant",80,High,994,4.4,False,True,2026-02-04,47.4443508,-122.1978279,ChIJZ9kSluhnkFQRbWFJgXgfWBg
Tutta Bella Neapolitan Pizzeria - Wallingford,"4411 Stone Way N, Seattle, WA 98103, USA",Seattle,WA,(206) 633-3800,http://www.tuttabella.com/,"establishment,food,point_of_interest,restaurant",80,High,1714,4.4,True,True,2026-02-04,47.6605109,-122.3424022,ChIJmTcPVFEUkFQRJffv_dHRUgE
Las Palmas Restaurant,"19840 International Blvd, SeaTac, WA 98188, USA",Seattle,WA,(206) 878-8469,https://laspalmas.restaurant/,"establishment,food,point_of_interest,restaurant",80,High,984,4.4,True,True,2026-02-04,47.4233891,-122.2956953,ChIJkTX7C2ZbkFQRjC8f2CS045w
ROCCO'S,"2312 2nd Ave, Seattle, WA 98121, USA",Seattle,WA,(206) 448-2625,http://www.roccosseattle.com/,"bar,establishment,food,night_club,point_of_interest,restaurant",80,High,4122,4.4,True,True,2026-02-04,47.6145021,-122.3460224,ChIJ5-MKSkwVkFQR6uTnu8Akzf0
Athens Pizza & Pasta,"959 E Main St, Auburn, WA 98002, USA",Seattle,WA,(253) 939-7444,http://www.athenspizzaauburn.com/,"establishment,food,point_of_interest,restaurant",80,High,1626,4.5,False,True,2026-02-04,47.3081627,-122.2162933,ChIJ-6-LcXxYkFQRL-c966XDjCc
Cascadia Pizza Restaurant and Brewery,"1820 130th Ave NE Suite 2, Bellevue, WA 98005, USA",Seattle,WA,(425) 274-2100,http://cascadiapizzaco.com/bellevue,"establishment,food,point_of_interest,restaurant",80,High,917,4.8,False,True,2026-02-04,47.6266022,-122.1661758,ChIJL3LXNa5tkFQRBDUFokv1kC0
Tapatio Mexican Restaurant,"3720 Factoria Blvd SE C, Bellevue, WA 98006, USA",Seattle,WA,(425) 373-0855,https://www.tapatiomexicanrestaurantbellevue.com/,"bar,establishment,food,point_of_interest,restaurant",80,High,969,4.1,False,True,2026-02-04,47.5773942,-122.1685034,ChIJLzuypqpukFQRzIxqZRJlTBs
7-Eleven,"15350 Alton Pkwy, Irvine, CA 92618, USA",Los Angeles,CA,(949) 453-0494,https://www.7-eleven.com/locations/ca/irvine/15350-alton-pwky-36080?utm_source=G&utm_medium=local&utm_campaign=google-local,"cafe,convenience_store,establishment,food,liquor_store,point_of_interest,restaurant,store",80,High,70,2.7,True,True,2026-02-04,33.6543296,-117.7386771,ChIJoRkZMP7n3IARWZjihsnpo4s
Torero's Cocina Mexicana & Cantina - Renton,"920 N 10th St, Renton, WA 98057, USA",Seattle,WA,(425) 228-6180,https://www.toreros-mexicanrestaurants.com/,"establishment,food,point_of_interest,restaurant",80,High,2323,4.4,True,False,2026-02-04,47.4980978,-122.2025685,ChIJY8PLhrJCkFQRLYTAphSjD-g
7-Eleven,"611 W Katella Ave, Anaheim, CA 92802, USA",Los Angeles,CA,(714) 491-8179,https://www.7-eleven.com/locations/ca/anaheim/611-w-katella-29057?utm_source=G&utm_medium=local&utm_campaign=google-local,"cafe,convenience_store,establishment,food,liquor_store,point_of_interest,restaurant,store",80,High,153,3.0,True,False,2026-02-04,33.8037797,-117.9157921,ChIJX9ls9NzX3IARVHYEOpcWvqI
7-Eleven,"504 W Olympic Blvd, Los Angeles, CA 90015, USA",Los Angeles,CA,(213) 748-5687,https://www.7-eleven.com/locations/ca/los-angeles/504-west-olympic-blvd-39646?utm_source=G&utm_medium=local&utm_campaign=google-local,"cafe,convenience_store,establishment,food,liquor_store,point_of_interest,restaurant,store",80,High,82,2.7,True,True,2026-02-04,34.0429018,-118.2612276,ChIJJcDF1cnHwoARfg5qHv0BTpM
Matador Redmond,"7824 Leary Wy, Redmond, WA 98052, USA",Seattle,WA,(425) 883-2855,https://matadorrestaurants.com/locations/redmond,"bar,establishment,food,point_of_interest,restaurant",80,High,3633,4.3,True,True,2026-02-04,47.6732155,-122.1229857,ChIJjwDiGq5ykFQRPQpE9ritLpA
