name,address,city,state,phone,website,types,lead_score,priority,review_count,rating,on_ubereats,on_grubhub,contact_by_date,latitude,longitude,place_id
ShopRite of Norwalk,"360 Connecticut Ave, Norwalk, CT 06854, USA",New York,NY,(203) 838-0504,https://www.shoprite.com/?utm_source=GMB&utm_medium=Local_Search&utm_campaign=dbaPlatform&utm_term=394,"bakery,establishment,food,grocery_or_supermarket,point_of_interest,store,supermarket",100,Critical,2245,4.3,False,True,2026-01-31,41.1024779,-73.44022629999999,ChIJ1zlqG3Me6IkRQ1yxV9vbFCw
Made In New York Pizza,"421 Amsterdam Ave, New York, NY 10024, USA",New York,NY,(646) 484-6200,https://www.madeinnewyorkpizza.com/,"establishment,food,grocery_or_supermarket,point_of_interest,restaurant,store",100,Critical,1220,4.6,True,True,2026-01-31,40.7838392,-73.9775697,ChIJL-LN1N1ZwokR8K2jACu6Ydw
QFC,"500 Mercer St, Seattle, WA 98109, USA",Seattle,WA,(206) 352-4020,https://www.qfc.com/stores/grocery/wa/seattle/uptown/705/00881?cid=loc_70500881_gmb,"bakery,establishment,florist,food,grocery_or_supermarket,health,liquor_store,point_of_interest,store",100,Critical,1653,4.2,False,True,2026-01-31,47.62502689999999,-122.3471738,ChIJZ-cPR0cVkFQRdyzvy-ujhro
Meijer,"13521 Illinois Rte 59, Plainfield, IL 60544, USA",Chicago,IL,(815) 267-8000,https://www.meijer.com/shopping/store-locator/214.html?cmpid=LM:Web::::05112021::GoogleGrocery,"department_store,electronics_store,establishment,food,grocery_or_supermarket,point_of_interest,store,supermarket",100,Critical,2219,4.4,False,True,2026-01-31,41.6348735,-88.19968759999999,ChIJc6FxEKz1DogROGQffAPZq0Q
Pete's Fresh Market #10 - Madison & Western,"2333 W Madison St, Chicago, IL 60612, USA",Chicago,IL,(312) 888-4600,http://www.petesfresh.com/,"cafe,establishment,food,grocery_or_supermarket,liquor_store,point_of_interest,store,supermarket",100,Critical,6426,4.4,False,True,2026-01-31,41.880507,-87.685599,ChIJnRjXeEMtDogRxiLDpbDSbTU
Ralphs,"2201 W Redondo Beach Blvd, Gardena, CA 90247, USA",Los Angeles,CA,(310) 538-9008,https://www.ralphs.com/stores/grocery/ca/gardena/gardena/703/00111?cid=loc_70300111_gmb,"bakery,establishment,florist,food,grocery_or_supermarket,health,liquor_store,point_of_interest,store",100,Critical,934,4.3,False,True,2026-01-31,33.8869831,-118.3184892,ChIJBdiDHJ61woARAlJOmomQZ50
Pete's Fresh Market #9 - Oakbrook Terrace,"17w675 Roosevelt Rd, Oakbrook Terrace, IL 60181, USA",Chicago,IL,(630) 812-6100,http://www.petesfresh.com/,"bakery,cafe,establishment,food,grocery_or_supermarket,point_of_interest,store,supermarket",100,Critical,4662,4.5,True,True,2026-01-31,41.858949,-87.97341589999999,ChIJ0eamFqtNDogR86NVIcTIKJU
Jewel-Osco,"11730 S Marshfield Ave, Chicago, IL 60643, USA",Chicago,IL,(773) 568-8157,https://local.jewelosco.com/il/chicago/11730-s-marshfield-ave.html,"bakery,establishment,florist,food,grocery_or_supermarket,point_of_interest,store,supermarket",100,Critical,1919,4.1,True,False,2026-01-31,41.6802451,-87.6645535,ChIJi7kZcPQkDogRj56B7FtyjUs
Jewel-Osco,"1224 S Wabash Ave, Chicago, IL 60605, USA",Chicago,IL,(312) 663-0580,https://local.jewelosco.com/il/chicago/1224-s-wabash-ave.html,"bakery,establishment,florist,food,grocery_or_supermarket,point_of_interest,store,supermarket",100,Critical,3804,4.1,True,False,2026-01-31,41.866463,-87.6262491,ChIJl69B35osDogR5VbyA6Qtvog
Ralphs,"4760 W Pico Blvd, Los Angeles, CA 90019, USA",Los Angeles,CA,(323) 937-4107,https://www.ralphs.com/stores/grocery/ca/los-angeles/pico-san-vincente/703/00291?cid=loc_70300291_gmb,"bakery,establishment,florist,food,grocery_or_supermarket,health,liquor_store,point_of_interest,store",100,Critical,1223,4.2,True,False,2026-01-31,34.0477879,-118.3394191,ChIJGS1WRfm4woARstuA8hLHW8k
Meijer,"15701 71st Ct, Orland Park, IL 60462, USA",Chicago,IL,(708) 342-9900,https://www.meijer.com/shopping/store-locator/262.html?cmpid=LM:Web::::05112021::GoogleGrocery,"department_store,electronics_store,establishment,food,grocery_or_supermarket,point_of_interest,store,supermarket",100,Critical,1727,4.2,False,True,2026-01-31,41.6047783,-87.7909497,ChIJMa3QA2k-DogRIKCDcfQWMsY
Jewel-Osco,"333 E Euclid Ave, Mt Prospect, IL 60056, USA",Chicago,IL,(847) 394-9390,https://local.jewelosco.com/il/mount-prospect/333-e-euclid-ave.html,"bakery,establishment,florist,food,grocery_or_supermarket,point_of_interest,store,supermarket",100,Critical,975,4.2,True,True,2026-01-31,42.0873539,-87.93095600000001,ChIJQadJXIi5D4gRKYz0DMk-GsM
ALDI,"1739 W Cermak Rd, Chicago, IL 60608, USA",Chicago,IL,(855) 955-2534,https://www.aldi.us/stores/l/il/chicago/1739-west-cermak-rd/f608,"establishment,food,grocery_or_supermarket,point_of_interest,store,supermarket",100,Critical,2173,4.5,False,True,2026-01-31,41.85226,-87.66941,ChIJoXitY6YtDogRKkQ8OuT1g68
Seafood City Supermarket,"5033 N Elston Ave, Chicago, IL 60630, USA",Chicago,IL,(773) 295-1658,http://www.seafoodcity.com/,"establishment,food,grocery_or_supermarket,point_of_interest,store,supermarket",100,Critical,3869,4.3,False,True,2026-01-31,41.9728129,-87.7455798,ChIJbYNKuSjMD4gRY9dX82EsooU
Ralphs,"18405 Brookhurst St, Fountain Valley, CA 92708, USA",Los Angeles,CA,(714) 964-7566,https://www.ralphs.com/stores/grocery/ca/fountain-valley/fountain-valley-promenande/703/00059?cid=loc_70300059_gmb,"bakery,establishment,florist,food,grocery_or_supermarket,health,liquor_store,point_of_interest,store",100,Critical,766,4.3,True,False,2026-01-31,33.6953784,-117.9559135,ChIJeXbk0jAn3YARpyvMxU_KWZ0
Food 4 Less,"3039 S Cicero Ave, Cicero, IL 60804, USA",Chicago,IL,(708) 652-4257,https://www.food4less.com/stores/grocery/il/cicero/31st-cicero/708/00551?cid=loc_70800551_gmb,"bakery,establishment,florist,food,grocery_or_supermarket,health,liquor_store,point_of_interest,store",100,Critical,1014,4.1,True,True,2026-01-31,41.8376472,-87.74120719999999,ChIJG8aUB8ozDogRwYVAPzVL440
Safeway,"19651 US-2, Monroe, WA 98272, USA",Seattle,WA,(360) 794-9292,https://local.safeway.com/safeway/wa/monroe/19651-hwy-2.html,"bakery,establishment,florist,food,grocery_or_supermarket,point_of_interest,store,supermarket",100,Critical,1736,4.2,False,True,2026-01-31,47.8600292,-121.9676364,ChIJX2oBCfammlQRWSPSVb2bntw
Safeway,"900 Meridian Ave E Suite 12, Milton, WA 98354, USA",Seattle,WA,(253) 927-2332,https://local.safeway.com/safeway/wa/milton/900-e-meridian-ave-suite-12.html,"bakery,establishment,florist,food,grocery_or_supermarket,point_of_interest,store,supermarket",100,Critical,2073,4.1,True,True,2026-01-31,47.2489006,-122.2958928,ChIJxyiTX_H4kFQRaEMjo8SrS9I
Safeway,"14020 Main St NE, Duvall, WA 98019, USA",Seattle,WA,(425) 844-1188,https://local.safeway.com/safeway/wa/duvall/14020-main-st-ne.html,"bakery,establishment,florist,food,grocery_or_supermarket,point_of_interest,store,supermarket",100,Critical,962,4.0,True,True,2026-01-31,47.7263019,-121.9846934,ChIJCc8xsysLkFQRS8H3qJmkuB4
Ralphs Fresh Fare,"1644 Cloverfield Blvd, Santa Monica, CA 90404, USA",Los Angeles,CA,(310) 582-3900,https://www.ralphs.com/stores/grocery/ca/santa-monica/olympic-cloverfield/703/00292?cid=loc_70300292_gmb,"bakery,establishment,florist,food,grocery_or_supermarket,health,liquor_store,point_of_interest,store",100,Critical,952,4.1,True,True,2026-01-31,34.0270416,-118.4738669,ChIJ2RSXwDm7woARhyezMN2hPSU
Safeway,"2505 San Ramon Valley Blvd, San Ramon, CA 94583, USA",San Francisco,CA,(925) 831-9515,https://local.safeway.com/safeway/ca/san-ramon/2505-san-ramon-valley-blvd.html,"bakery,establishment,florist,food,grocery_or_supermarket,point_of_interest,store,supermarket",100,Critical,897,4.2,False,True,2026-01-31,37.7731996,-121.9768882,ChIJF0bBqLjyj4ARpd6Hx0EaEZ4
Safeway,"1 Camino Alto, Mill Valley, CA 94941, USA",San Francisco,CA,(415) 388-6216,https://local.safeway.com/safeway/ca/mill-valley/1-camino-alto.html,"bakery,establishment,florist,food,grocery_or_supermarket,point_of_interest,store,supermarket",100,Critical,564,4.0,True,False,2026-01-31,37.894087,-122.5313172,ChIJZVXlQqyahYARMnpM0BnGxXU
Safeway,"707 Contra Costa Blvd, Pleasant Hill, CA 94523, USA",San Francisco,CA,(925) 689-2044,https://local.safeway.com/safeway/ca/pleasant-hill/707-contra-costa-blvd.html,"bakery,establishment,florist,food,grocery_or_supermarket,point_of_interest,store,supermarket",100,Critical,1484,4.1,True,True,2026-01-31,37.9710644,-122.0615782,ChIJQ3zdIbxmhYARfY6bR1rpGT4
Safeway,"6790 Bernal Ave, Pleasanton, CA 94566, USA",San Francisco,CA,(925) 846-8644,https://local.safeway.com/safeway/ca/pleasanton/6790-bernal-ave.html,"bakery,establishment,florist,food,grocery_or_supermarket,point_of_interest,store,supermarket",100,Critical,1032,4.3,True,True,2026-01-31,37.6560809,-121.899526,ChIJ3UBi4inqj4ARFv8YHsLIdUE
Safeway,"15 Marina Blvd, San Francisco, CA 94123, USA",San Francisco,CA,(415) 563-4946,https://local.safeway.com/safeway/ca/san-francisco/15-marina-blvd.html,"bakery,establishment,florist,food,grocery_or_supermarket,point_of_interest,store,supermarket",100,Critical,2881,4.2,False,True,2026-01-31,37.8044671,-122.4328651,ChIJd95lW9iAhYARwmwzx6GugCg
Safeway,"6310 College Ave, Oakland, CA 94618, USA",San Francisco,CA,(510) 985-0012,https://local.safeway.com/safeway/ca/oakland/6310-college-ave.html,"bakery,establishment,florist,food,grocery_or_supermarket,point_of_interest,store,supermarket",100,Critical,1743,4.0,True,True,2026-01-31,37.85058,-122.2521213,ChIJCYYAFMV9hYARmJORQa4TX58
QFC,"11224 NE 124th St, Kirkland, WA 98034, USA",Seattle,WA,(425) 821-8502,https://www.qfc.com/stores/grocery/wa/kirkland/qfc-totem-lake/705/00828?cid=loc_70500828_gmb,"bakery,establishment,florist,food,grocery_or_supermarket,health,liquor_store,point_of_interest,store",100,Critical,621,4.1,False,True,2026-01-31,47.7123953,-122.1912293,ChIJfZUiD3gSkFQRk4pAsS89c00
Safeway,"717 WA-9, Lake Stevens, WA 98258, USA",Seattle,WA,(425) 249-4000,https://local.safeway.com/safeway/wa/lake-stevens/717-sr-9-ne.html,"bakery,establishment,florist,food,grocery_or_supermarket,point_of_interest,store,supermarket",100,Critical,1732,4.2,False,True,2026-01-31,48.00336799999999,-122.103773,ChIJjd0B23yrmlQRdzgUALnJTiI
Safeway,"253 High School Rd NE, Bainbridge Island, WA 98110, USA",Seattle,WA,(206) 842-7197,https://local.safeway.com/safeway/wa/bainbridge-island/253-high-school-rd-ne.html,"bakery,establishment,florist,food,grocery_or_supermarket,point_of_interest,store,supermarket",100,Critical,700,4.1,True,True,2026-01-31,47.6350953,-122.5197055,ChIJXXHsjqM-kFQRZb0irD7QVrU
Safeway,"26916 Maple Vly Hwy, Maple Valley, WA 98038, USA",Seattle,WA,(425) 432-2020,https://local.safeway.com/safeway/wa/maple-valley/26916-maple-valley-rd.html,"bakery,establishment,florist,food,grocery_or_supermarket,point_of_interest,store,supermarket",100,Critical,1269,4.2,True,False,2026-01-31,47.36027620000001,-122.0183189,ChIJOVnALKGKkFQRfRdfWTd2rNo
Safeway,"17230 140th Ave SE, Renton, WA 98058, USA",Seattle,WA,(425) 228-1740,https://local.safeway.com/safeway/wa/renton/17230-140th-ave-se.html,"bakery,establishment,florist,food,grocery_or_supermarket,point_of_interest,store,supermarket",100,Critical,1797,4.1,True,True,2026-01-31,47.4474284,-122.1524522,ChIJN5YHWH5nkFQRuEntwuuCeXE
Safeway,"152 Roosevelt Ave E, Enumclaw, WA 98022, USA",Seattle,WA,(360) 825-5023,https://local.safeway.com/safeway/wa/enumclaw/152-roosevelt-ave-e.html,"bakery,establishment,florist,food,grocery_or_supermarket,point_of_interest,store,supermarket",100,Critical,1664,4.1,False,True,2026-01-31,47.1982382,-121.9797307,ChIJcQsgP_jtkFQReYfudG8R6Ss
Ralphs,"7221 Woodman Ave, Van Nuys, CA 91405, USA",Los Angeles,CA,(818) 785-3162,https://www.ralphs.com/stores/grocery/ca/van-nuys/sherman-way/703/00047?cid=loc_70300047_gmb,"bakery,establishment,florist,food,grocery_or_supermarket,health,liquor_store,point_of_interest,store",100,Critical,1359,4.1,False,True,2026-01-31,34.2019865,-118.4322132,ChIJ-3iY9OaWwoARKcufyacoYlI
Ralphs,"3410 W 3rd St, Los Angeles, CA 90020, USA",Los Angeles,CA,(213) 480-1421,https://www.ralphs.com/stores/grocery/ca/los-angeles/third-street/703/00032?cid=loc_70300032_gmb,"bakery,establishment,florist,food,grocery_or_supermarket,health,liquor_store,point_of_interest,store",100,Critical,2056,4.1,True,True,2026-01-31,34.0683874,-118.2905317,ChIJW2BaA2XHwoARQbKpw3X5HAY
Jewel-Osco,"370 N Desplaines St, Chicago, IL 60661, USA",Chicago,IL,(312) 243-2710,https://local.jewelosco.com/il/chicago/370-n-des-plaines-st.html,"bakery,establishment,florist,food,grocery_or_supermarket,point_of_interest,store,supermarket",100,Critical,1738,4.3,True,False,2026-01-31,41.8887205,-87.6449859,ChIJuTv6DcwsDogR4iM3ChhHxIE
Meijer,"755 E Boughton Rd, Bolingbrook, IL 60440, USA",Chicago,IL,(630) 783-5300,https://www.meijer.com/shopping/store-locator/215.html?cmpid=LM:Web::::05112021::GoogleGrocery,"department_store,electronics_store,establishment,food,grocery_or_supermarket,point_of_interest,store,supermarket",100,Critical,3247,4.3,True,True,2026-01-31,41.7212148,-88.03601660000001,ChIJOQdxF-1aDogRHCuwzLUvdWk
Fresh County Market,"2550 Arthur St, Gary, IN 46404, USA",Chicago,IL,(219) 977-9910,http://www.freshcountymarket.com/,"establishment,food,grocery_or_supermarket,point_of_interest,store,supermarket",100,Critical,2053,4.0,True,False,2026-01-31,41.5722307,-87.36063469999999,ChIJx0OD65_CEYgRO8ejvMfukAo
Walmart,"1220 Old Country Rd, Westbury, NY 11590, USA",New York,NY,(516) 794-7280,https://www.walmart.com/store/3420-westbury-ny?veh=seo_loc,"clothing_store,department_store,electronics_store,establishment,food,furniture_store,grocery_or_supermarket,hardware_store,home_goods_store,point_of_interest,store",100,Critical,9965,4.1,True,True,2026-01-31,40.7436213,-73.6007924,ChIJcQAAAESHwokRiz3dEHxw7Ic
Ralphs Fresh Fare,"11727 W Olympic Blvd, Los Angeles, CA 90064, USA",Los Angeles,CA,(310) 473-5238,https://www.ralphs.com/stores/grocery/ca/los-angeles/olympic-barrington/703/00210?cid=loc_70300210_gmb,"bakery,establishment,florist,food,grocery_or_supermarket,health,liquor_store,point_of_interest,store",100,Critical,1087,4.2,True,True,2026-01-31,34.0349195,-118.4490712,ChIJSYmsUwy7woARwW01p9zUXHY
FOOD BAZAAR,"21 Manhattan Ave, Brooklyn, NY 11206, USA",New York,NY,(718) 532-0530,https://www.foodbazaar.com/find-your-store/,"establishment,food,grocery_or_supermarket,point_of_interest,store,supermarket",100,Critical,7747,4.4,True,True,2026-01-31,40.7031456,-73.9450749,ChIJbzvarftbwokRzU4EGv87H0M
ShopRite of Veterans Rd,"3010 Veterans Rd W, Staten Island, NY 10309, USA",New York,NY,(718) 948-4945,https://www.shoprite.com/?utm_source=GMB&utm_medium=Local_Search&utm_campaign=dbaPlatform&utm_term=112,"bakery,establishment,food,grocery_or_supermarket,point_of_interest,store,supermarket",100,Critical,1912,4.2,True,False,2026-01-31,40.5292056,-74.23499009999999,ChIJ0Wjfq0a1w4kR1a44dLNU9pA
FOOD BAZAAR,"42-02 Northern Blvd #74, Long Island City, NY 11101, USA",New York,NY,(347) 448-8860,https://www.foodbazaar.com/find-your-store/,"establishment,food,grocery_or_supermarket,point_of_interest,store,supermarket",100,Critical,7083,4.5,True,True,2026-01-31,40.7521249,-73.921528,ChIJh-ZryyVfwokR-tg5HCfSNtI
Ralphs Fresh Fare,"5601 Wilshire Blvd, Los Angeles, CA 90036, USA",Los Angeles,CA,(323) 936-4954,https://www.ralphs.com/stores/grocery/ca/los-angeles/wilshire-hauser/703/00289?cid=loc_70300289_gmb,"bakery,establishment,florist,food,grocery_or_supermarket,health,liquor_store,point_of_interest,store",100,Critical,944,4.2,True,True,2026-01-31,34.0628678,-118.3508874,ChIJNbpVkyG5woARTm8pP4l-wDo
Wegmans,"15 Woodbridge Center Dr, Woodbridge, NJ 07095, USA",New York,NY,(732) 596-3200,https://www.wegmans.com/stores/woodbridge-nj/?cid=GMB_Wegmans_2024:aw:ow:gb:gb:ao::,"establishment,food,grocery_or_supermarket,point_of_interest,store,supermarket",100,Critical,4383,4.6,True,True,2026-01-31,40.5482362,-74.2966338,ChIJSaaE8cS1w4kR7qtfUFu3PpU
"ShopRite of Commerce St.-Stamford, CT","1990 W Main St, Stamford, CT 06902, USA",New York,NY,(203) 978-0464,https://www.shoprite.com/?utm_source=GMB&utm_medium=Local_Search&utm_campaign=dbaPlatform&utm_term=397,"bakery,establishment,food,grocery_or_supermarket,point_of_interest,store,supermarket",100,Critical,1862,4.4,True,False,2026-01-31,41.0474019,-73.5649493,ChIJDX7LLqqYwokRAWxgjxLhu78
Tony's Fresh Market,"2099 N Mannheim Rd, Melrose Park, IL 60160, USA",Chicago,IL,(708) 345-4700,https://locations.tonysfreshmarket.com/ll/us/il/melrose-park/2099-n-mannheim-rd/,"establishment,food,grocery_or_supermarket,point_of_interest,store",100,Critical,2523,4.2,False,True,2026-01-31,41.913683,-87.882744,ChIJEVVlFDu1D4gRL1mj2WcxGEU
Stop & Shop,"8 Franklin St, Bloomfield, NJ 07003, USA",New York,NY,(973) 743-6413,https://stores.stopandshop.com/nj/bloomfield/8-franklin-street?y_source=1_NDE5NTgxMS03MTUtbG9jYXRpb24ud2Vic2l0ZQ%3D%3D,"establishment,food,grocery_or_supermarket,point_of_interest,store",100,Critical,2780,4.1,False,True,2026-01-31,40.7828446,-74.1847569,ChIJJ8dQkOJUwokR1uK35DT6Sbo
ShopRite of Englewood,"40 Nathaniel Pl, Englewood, NJ 07631, USA",New York,NY,(201) 816-8330,https://www.shoprite.com/?utm_source=GMB&utm_medium=Local_Search&utm_campaign=dbaPlatform&utm_term=169,"bakery,establishment,food,grocery_or_supermarket,point_of_interest,store,supermarket",100,Critical,2650,4.5,True,True,2026-01-31,40.896772,-73.97546369999999,ChIJKY7iXBnxwokRUWXQBSes2K4
Morton Williams Supermarkets,"908 2nd Ave, New York, NY 10017, USA",New York,NY,(212) 308-6922,https://www.mortonwilliams.com/our-locations,"establishment,food,grocery_or_supermarket,point_of_interest,store,supermarket",100,Critical,1174,4.1,True,False,2026-01-31,40.7537995,-73.96896219999999,ChIJwdELkOJYwokRgSJOA1wL2Mo
Trade Fair,"89-02 37th Ave, Jackson Heights, NY 11372, USA",New York,NY,(718) 533-0844,https://tradefairny.com/,"establishment,food,grocery_or_supermarket,point_of_interest,store,supermarket",100,Critical,874,4.1,True,False,2026-01-31,40.7503667,-73.8773847,ChIJHw9RUaVfwokRyAsVgQLClLc
Fine Fare Supermarkets,"4772 Broadway, New York, NY 10034, USA",New York,NY,(212) 304-1858,http://www.finefaresupermarkets.com/,"establishment,food,grocery_or_supermarket,point_of_interest,store,supermarket",100,Critical,937,4.0,False,True,2026-01-31,40.8655982,-73.9264914,ChIJ23e-cPjzwokRtNDn20ldxFk
Key Food Supermarkets,"656 Castle Hill Ave, Bronx, NY 10473, USA",New York,NY,(718) 824-3666,http://keyfood.com/,"establishment,food,grocery_or_supermarket,point_of_interest,store,supermarket",100,Critical,545,4.0,True,True,2026-01-31,40.8201256,-73.8479085,ChIJd5UCUdH0wokR2UXWj7TSujY
Vons,"4520 Sunset Blvd, Los Angeles, CA 90027, USA",Los Angeles,CA,(323) 662-8107,https://local.vons.com/ca/los-angeles/4520-sunset-blvd.html,"bakery,establishment,florist,food,grocery_or_supermarket,point_of_interest,store,supermarket",100,Critical,2730,4.2,True,False,2026-01-31,34.0970657,-118.287983,ChIJ1zUA9k6_woARn56C3cZ-Yps
Ralphs,"13321 South St, Cerritos, CA 90703, USA",Los Angeles,CA,(562) 860-5635,https://www.ralphs.com/stores/grocery/ca/cerritos/cerritos-plaza/703/00083?cid=loc_70300083_gmb,"bakery,establishment,florist,food,grocery_or_supermarket,health,liquor_store,point_of_interest,store",100,Critical,640,4.2,False,True,2026-01-31,33.8601104,-118.0475512,ChIJNdkFXkMs3YAR93nuq5lLbdk
Ralphs,"1770 W Carson St, Torrance, CA 90501, USA",Los Angeles,CA,(310) 787-8786,https://www.ralphs.com/stores/grocery/ca/torrance/carson-abalone/703/00132?cid=loc_70300132_gmb,"bakery,establishment,florist,food,grocery_or_supermarket,health,liquor_store,point_of_interest,store",100,Critical,1101,4.3,False,True,2026-01-31,33.830072,-118.3110835,ChIJrzt8U6NK3YARs7oNhFzNMqY
Ralphs,"1930 N Lakewood Blvd, Long Beach, CA 90815, USA",Los Angeles,CA,(562) 494-4371,https://www.ralphs.com/stores/grocery/ca/long-beach/traffic-circle/703/00186?cid=loc_70300186_gmb,"bakery,establishment,florist,food,grocery_or_supermarket,health,liquor_store,point_of_interest,store",100,Critical,1096,4.3,False,True,2026-01-31,33.7921394,-118.1414312,ChIJy8JFaJEx3YARbP9S16uBcxk
Ralphs Fresh Fare,"14049 Ventura Blvd, Sherman Oaks, CA 91423, USA",Los Angeles,CA,(747) 233-6100,https://www.ralphs.com/stores/grocery/ca/sherman-oaks/sherman-oaks/703/00222?cid=loc_70300222_gmb,"bakery,establishment,florist,food,grocery_or_supermarket,health,liquor_store,point_of_interest,store",100,Critical,1131,4.4,True,False,2026-01-31,34.1499568,-118.4391832,ChIJWZbfLi2WwoARtqTzdLfEI0o
Vons,"301 N Pass Ave, Burbank, CA 91505, USA",Los Angeles,CA,(818) 848-9542,https://local.vons.com/ca/burbank/301-n-pass-ave.html,"bakery,establishment,florist,food,grocery_or_supermarket,point_of_interest,store,supermarket",100,Critical,1141,4.2,True,True,2026-01-31,34.154867,-118.3465585,ChIJ9Zz8Vs2_woARaCJ2Q8gvygY
Ralphs Fresh Fare,"500 N Pacific Coast Hwy, El Segundo, CA 90245, USA",Los Angeles,CA,(310) 615-0537,https://www.ralphs.com/stores/grocery/ca/el-segundo/e-el-segundo/703/00645?cid=loc_70300645_gmb,"bakery,establishment,florist,food,grocery_or_supermarket,health,liquor_store,point_of_interest,store",100,Critical,1173,4.3,True,True,2026-01-31,33.9220531,-118.3955912,ChIJza7hd0uxwoARMdROQ1QVDnQ
Ralphs Fresh Fare,"17605 Harvard Ave, Irvine, CA 92614, USA",Los Angeles,CA,(949) 851-3161,https://www.ralphs.com/stores/grocery/ca/irvine/harvard-place/703/00080?cid=loc_70300080_gmb,"bakery,establishment,florist,food,grocery_or_supermarket,health,liquor_store,point_of_interest,store",100,Critical,749,4.3,False,True,2026-01-31,33.6771442,-117.83317,ChIJ4XJNGYDe3IARt7vGXfVav1Y
Ralphs Fresh Fare,"10772 Jefferson Blvd, Culver City, CA 90230, USA",Los Angeles,CA,(310) 839-4107,https://www.ralphs.com/stores/grocery/ca/culver-city/raintree-plaza/703/00284?cid=loc_70300284_gmb,"bakery,establishment,florist,food,grocery_or_supermarket,health,liquor_store,point_of_interest,store",100,Critical,598,4.2,True,False,2026-01-31,34.0023678,-118.3935481,ChIJyfNcfx26woARTRfCP-3ed-g
Jewel-Osco,"1220 S Ashland Ave, Chicago, IL 60608, USA",Chicago,IL,(312) 733-0153,https://local.jewelosco.com/il/chicago/1220-s-ashland-ave.html,"bakery,establishment,florist,food,grocery_or_supermarket,point_of_interest,store,supermarket",100,Critical,3511,4.1,True,True,2026-01-31,41.86591629999999,-87.668622,ChIJgZ_UMgUtDogRUJ1r21D89DY
Mariano's,"333 E Benton Pl, Chicago, IL 60601, USA",Chicago,IL,(312) 228-1349,https://www.marianos.com/stores/grocery/il/chicago/marianos-lakeshore-east/531/00503?cid=loc_53100503_gmb,"bakery,establishment,florist,food,grocery_or_supermarket,health,liquor_store,point_of_interest,store",100,Critical,702,4.1,True,False,2026-01-31,41.8852691,-87.6184837,ChIJo9X181crDogRaEqrf4G9v7I
Mariano's,"3358 W Touhy Ave, Skokie, IL 60076, USA",Chicago,IL,(847) 763-8801,https://www.marianos.com/stores/grocery/il/skokie/marianos-skokie/531/00531?cid=loc_53100531_gmb,"bakery,establishment,florist,food,grocery_or_supermarket,health,liquor_store,point_of_interest,store",100,Critical,1494,4.2,True,True,2026-01-31,42.0126071,-87.71417749999999,ChIJ1ZOOETTOD4gR_VDlKWiyFI0
Ralphs Fresh Fare,"6290 E Pacific Coast Hwy, Long Beach, CA 90803, USA",Los Angeles,CA,(562) 795-0167,https://www.ralphs.com/stores/grocery/ca/long-beach/marina-shopping-center/703/00178?cid=loc_70300178_gmb,"bakery,establishment,florist,food,grocery_or_supermarket,health,liquor_store,point_of_interest,store",100,Critical,516,4.3,True,True,2026-01-31,33.7609644,-118.1160976,ChIJCerdWCgw3YARXW9r5bO_gBI
Jewel-Osco,"550 N State St, Chicago, IL 60654, USA",Chicago,IL,(312) 527-2162,https://local.jewelosco.com/il/chicago/550-n-state-st.html,"bakery,establishment,florist,food,grocery_or_supermarket,point_of_interest,store,supermarket",100,Critical,1731,4.1,True,False,2026-01-31,41.8922895,-87.62858399999999,ChIJJ9dviK0sDogRsKzwRyDblRk
Meijer,"611 W Lincoln Hwy, Merrillville, IN 46410, USA",Chicago,IL,(219) 650-3700,https://www.meijer.com/shopping/store-locator/165.html?cmpid=LM:Web::::05112021::GoogleGrocery,"department_store,electronics_store,establishment,food,grocery_or_supermarket,point_of_interest,store,supermarket",100,Critical,4753,4.2,True,True,2026-01-31,41.4677978,-87.34595589999999,ChIJBdD5ACDvEYgR2zMlydxKRDE
Jewel-Osco,"2940 N Ashland Ave, Chicago, IL 60657, USA",Chicago,IL,(773) 871-8242,https://local.jewelosco.com/il/chicago/2940-n-ashland-ave.html,"bakery,establishment,florist,food,grocery_or_supermarket,point_of_interest,store,supermarket",100,Critical,1436,4.2,False,True,2026-01-31,41.9353485,-87.67005920000001,ChIJ5Qmh3ffSD4gRu16ljKcINzw
Trader Joe's,"3745 N Lincoln Ave, Chicago, IL 60613, USA",Chicago,IL,(773) 248-4920,https://locations.traderjoes.com/il/chicago/688/?utm_source=gmb&utm_medium=organic&utm_campaign=local,"establishment,food,grocery_or_supermarket,health,liquor_store,point_of_interest,store,supermarket",100,Critical,2721,4.6,True,True,2026-01-31,41.9498851,-87.67514039999999,ChIJGzaZMkLSD4gRdbkdpeLGPuc
Safeway,"1978 Contra Costa Blvd, Pleasant Hill, CA 94523, USA",San Francisco,CA,(925) 688-0680,https://local.safeway.com/safeway/ca/pleasant-hill/1978-contra-costa-blvd.html,"bakery,establishment,florist,food,grocery_or_supermarket,point_of_interest,store,supermarket",100,Critical,877,4.0,False,True,2026-01-31,37.948935,-122.0579308,ChIJyXW8GzhhhYAR_nSDMReO9ys
Meijer,"9200 S Western Ave, Evergreen Park, IL 60805, USA",Chicago,IL,(708) 499-8100,https://www.meijer.com/shopping/store-locator/265.html?cmpid=LM:Web::::05112021::GoogleGrocery,"department_store,electronics_store,establishment,food,grocery_or_supermarket,point_of_interest,store,supermarket",100,Critical,3529,4.3,True,True,2026-01-31,41.7247519,-87.68505019999999,ChIJ05WuVkQlDogRWGLB0BgvXWc
Safeway,"3842 Bridgeport Way W, Tacoma, WA 98466, USA",Seattle,WA,(253) 565-6215,https://local.safeway.com/safeway/wa/tacoma/3842-bridgeport-way.html,"bakery,establishment,florist,food,grocery_or_supermarket,point_of_interest,store,supermarket",100,Critical,1425,4.1,True,False,2026-01-31,47.2216712,-122.5393458,ChIJVcWrSPOqkVQRmkZ8O7FYbsQ
Safeway,"630 228th Ave NE, Sammamish, WA 98074, USA",Seattle,WA,(425) 868-4000,https://local.safeway.com/safeway/wa/sammamish/630-228th-ave-ne.html,"bakery,establishment,florist,food,grocery_or_supermarket,point_of_interest,store,supermarket",100,Critical,622,4.2,False,True,2026-01-31,47.61521949999999,-122.0334793,ChIJnd3kX_RxkFQRikvUHKl9s3k
Ralphs,"260 S La Brea Ave, Los Angeles, CA 90036, USA",Los Angeles,CA,(323) 937-3264,https://www.ralphs.com/stores/grocery/ca/los-angeles/la-brea/703/00039?cid=loc_70300039_gmb,"bakery,establishment,florist,food,grocery_or_supermarket,health,liquor_store,point_of_interest,store",100,Critical,1087,4.2,False,True,2026-01-31,34.0699624,-118.3435114,ChIJq9sC39i4woARg_V5W7CPQ-s
Ralphs,"5345 Alton Pkwy, Irvine, CA 92604, USA",Los Angeles,CA,(949) 552-0597,https://www.ralphs.com/stores/grocery/ca/irvine/alton-square/703/00154?cid=loc_70300154_gmb,"bakery,establishment,florist,food,grocery_or_supermarket,health,liquor_store,point_of_interest,store",100,Critical,595,4.2,False,True,2026-01-31,33.671973,-117.7897874,ChIJX7pyAaTd3IARSWN8lVnldt0
QFC,"4800 NE 4th St, Renton, WA 98059, USA",Seattle,WA,(425) 226-7086,https://www.qfc.com/stores/grocery/wa/renton/renton/705/00871?cid=loc_70500871_gmb,"bakery,establishment,florist,food,grocery_or_supermarket,health,liquor_store,point_of_interest,store",100,Critical,627,4.2,True,False,2026-01-31,47.4898837,-122.1549439,ChIJw_b0V9dnkFQR08P2Vgb7HQw
Ralphs,"14440 Burbank Blvd, Sherman Oaks, CA 91401, USA",Los Angeles,CA,(818) 989-5640,https://www.ralphs.com/stores/grocery/ca/sherman-oaks/van-nuys-burbank/703/00702?cid=loc_70300702_gmb,"bakery,establishment,florist,food,grocery_or_supermarket,health,liquor_store,point_of_interest,store",100,Critical,1445,4.0,False,True,2026-01-31,34.1714675,-118.447171,ChIJrWGhRa6XwoAR8vNyl4rn2b4
Vons,"3461 W 3rd St, Los Angeles, CA 90020, USA",Los Angeles,CA,(213) 384-6552,https://local.vons.com/ca/los-angeles/3461-w-3rd-st.html,"bakery,establishment,florist,food,grocery_or_supermarket,point_of_interest,store,supermarket",100,Critical,3577,4.2,True,False,2026-01-31,34.0699603,-118.2908839,ChIJnQk-VGTHwoARWshCMCP50us
Ralphs,"670 S Western Ave, Los Angeles, CA 90005, USA",Los Angeles,CA,(213) 383-5058,https://www.ralphs.com/stores/grocery/ca/los-angeles/wiltern/703/00016?cid=loc_70300016_gmb,"bakery,establishment,florist,food,grocery_or_supermarket,health,liquor_store,point_of_interest,store",100,Critical,1741,4.1,True,False,2026-01-31,34.0600458,-118.3085512,ChIJaz46A4W4woARM1iwC0URPD0
Ralphs,"211 N Glendale Ave, Glendale, CA 91206, USA",Los Angeles,CA,(818) 549-0035,https://www.ralphs.com/stores/grocery/ca/glendale/glendale-wilson/703/00134?cid=loc_70300134_gmb,"bakery,establishment,florist,food,grocery_or_supermarket,health,liquor_store,point_of_interest,store",100,Critical,662,4.2,False,True,2026-01-31,34.1484897,-118.2484205,ChIJf9t8darBwoARUZ9pjFi_rPI
Ralphs,"2600 S Vermont Ave, Los Angeles, CA 90007, USA",Los Angeles,CA,(323) 732-3863,https://www.ralphs.com/stores/grocery/ca/los-angeles/renaissance-plaza/703/00294?cid=loc_70300294_gmb,"bakery,establishment,florist,food,grocery_or_supermarket,health,liquor_store,point_of_interest,store",100,Critical,2819,4.3,False,True,2026-01-31,34.0318453,-118.2907927,ChIJE1TNSvLHwoARNK8JeIKSP4k
Safeway,"46848 Mission Blvd, Fremont, CA 94539, USA",San Francisco,CA,(510) 497-1003,https://local.safeway.com/safeway/ca/fremont/46848-mission-blvd.html,"bakery,establishment,florist,food,grocery_or_supermarket,point_of_interest,store,supermarket",100,Critical,1552,4.1,True,False,2026-01-31,37.4896436,-121.9274557,ChIJZYFdHkPGj4ARSQ2sRvpqL8o
QFC,"11700 Mukilteo Speedway, Mukilteo, WA 98275, USA",Seattle,WA,(425) 290-6166,https://www.qfc.com/stores/grocery/wa/mukilteo/harbour-pointe/705/00832?cid=loc_70500832_gmb,"bakery,establishment,florist,food,grocery_or_supermarket,health,liquor_store,point_of_interest,store",100,Critical,562,4.2,True,False,2026-01-31,47.8911525,-122.2879064,ChIJ9TrT5fcDkFQRgNVBRxLuflE
Safeway,"300 Bellevue Way NE, Bellevue, WA 98004, USA",Seattle,WA,(425) 749-3885,https://local.safeway.com/safeway/wa/bellevue/300-bellevue-way-ne.html,"bakery,establishment,florist,food,grocery_or_supermarket,point_of_interest,store,supermarket",100,Critical,2278,4.3,True,True,2026-01-31,47.6130672,-122.200964,ChIJ55QQpIdskFQRmIcPnF7hHyc
WinCo Foods,"9900 19th Ave SE, Everett, WA 98208, USA",Seattle,WA,(425) 740-2208,http://www.wincofoods.com/,"bakery,establishment,food,grocery_or_supermarket,point_of_interest,store,supermarket",100,Critical,3571,4.5,True,False,2026-01-31,47.908383,-122.208621,ChIJc4HfzCkHkFQRFp10x_KMYV4
QFC,"11100 Roosevelt Way NE, Seattle, WA 98125, USA",Seattle,WA,(206) 361-4849,https://www.qfc.com/stores/grocery/wa/seattle/northgate/705/00866?cid=loc_70500866_gmb,"bakery,establishment,florist,food,grocery_or_supermarket,health,liquor_store,point_of_interest,store",100,Critical,924,4.0,True,True,2026-01-31,47.70940450000001,-122.3171935,ChIJscNhs1kRkFQRgzWW3rh3mYs
Safeway,"2600 Willow Pass Rd, Concord, CA 94519, USA",San Francisco,CA,(925) 689-3240,https://local.safeway.com/safeway/ca/concord/2600-willow-pass-rd.html,"bakery,establishment,florist,food,grocery_or_supermarket,point_of_interest,store,supermarket",100,Critical,2136,4.1,False,True,2026-01-31,37.9782215,-122.0282109,ChIJC_ZoaSVnhYARLMmMa3zm7QA
Safeway,"2800 Ygnacio Valley Rd, Walnut Creek, CA 94598, USA",San Francisco,CA,(925) 948-2283,https://local.safeway.com/safeway/ca/walnut-creek/2800-ygnacio-valley-rd.html,"bakery,establishment,florist,food,grocery_or_supermarket,point_of_interest,store,supermarket",100,Critical,1058,4.4,True,True,2026-01-31,37.9272484,-122.0185483,ChIJ40s1z11ghYAR61wCDBhfcww
Safeway,"921 E Hillsdale Blvd, Foster City, CA 94404, USA",San Francisco,CA,(650) 377-0711,https://local.safeway.com/safeway/ca/foster-city/921-e-hillsdale-blvd.html,"bakery,establishment,florist,food,grocery_or_supermarket,point_of_interest,store,supermarket",100,Critical,1237,4.2,True,True,2026-01-31,37.5568552,-122.2757994,ChIJ3c8EZtCej4ARPx3neXP_4R0
Safeway,"6688 Alhambra Ave, Martinez, CA 94553, USA",San Francisco,CA,(925) 933-0540,https://local.safeway.com/safeway/ca/martinez/6688-alhambra-ave.html,"bakery,establishment,florist,food,grocery_or_supermarket,point_of_interest,store,supermarket",100,Critical,627,4.1,True,False,2026-01-31,37.9579261,-122.0939505,ChIJFdVUtBpkhYARinhQ3b4eLkc
WinCo Foods,"21900 Hwy 99, Edmonds, WA 98026, USA",Seattle,WA,(425) 697-1052,https://wincofoods.com/,"bakery,establishment,food,grocery_or_supermarket,point_of_interest,store,supermarket",100,Critical,3724,4.5,False,True,2026-01-31,47.8007295,-122.3333075,ChIJJ7AXS6MakFQRv9jcOe5OUz0
Safeway,"11501 Canyon Rd E, Puyallup, WA 98373, USA",Seattle,WA,(253) 536-4792,https://local.safeway.com/safeway/wa/puyallup/11501-canyon-rd-e.html,"bakery,establishment,florist,food,grocery_or_supermarket,point_of_interest,store,supermarket",100,Critical,2624,4.1,True,False,2026-01-31,47.1518512,-122.3552514,ChIJbwjbvev9kFQRUd3oVrEjx_0
Safeway,"70 Cabrillo Hwy N, Half Moon Bay, CA 94019, USA",San Francisco,CA,(650) 726-1143,https://local.safeway.com/safeway/ca/half-moon-bay/70-cabrillo-hwy.html,"bakery,establishment,florist,food,grocery_or_supermarket,point_of_interest,store,supermarket",100,Critical,720,4.1,True,True,2026-01-31,37.4692702,-122.4361387,ChIJR2KTi7J0j4ARYKLS3pms4jc
WinCo Foods,"160 SW Campus Dr, Federal Way, WA 98003, USA",Seattle,WA,(253) 838-7109,https://wincofoods.com/,"bakery,establishment,food,grocery_or_supermarket,point_of_interest,store,supermarket",100,Critical,2712,4.4,False,True,2026-01-31,47.292525,-122.336179,ChIJ0-CZObNXkFQRrivgZDp2nls
Safeway,"301 Marysville Mall #60, Marysville, WA 98270, USA",Seattle,WA,(360) 659-5841,https://local.safeway.com/safeway/wa/marysville/301-marysville-mall-60.html,"bakery,establishment,florist,food,grocery_or_supermarket,point_of_interest,store,supermarket",100,Critical,1267,4.1,False,True,2026-01-31,48.0508707,-122.1795564,ChIJJee_lIVUhVQRTwWNuSCN5A8
Safeway,"710 Bancroft Rd, Walnut Creek, CA 94598, USA",San Francisco,CA,(925) 937-8537,https://local.safeway.com/safeway/ca/walnut-creek/710-bancroft-rd.html,"bakery,establishment,florist,food,grocery_or_supermarket,point_of_interest,store,supermarket",100,Critical,817,4.2,False,True,2026-01-31,37.9281981,-122.0393425,ChIJyUasNQBhhYAR-X6ZroOvnco
Safeway,"525 El Camino Real, Menlo Park, CA 94025, USA",San Francisco,CA,(650) 847-2901,https://local.safeway.com/safeway/ca/menlo-park/525-el-camino-real.html,"bakery,establishment,florist,food,grocery_or_supermarket,point_of_interest,store,supermarket",100,Critical,2123,4.3,True,False,2026-01-31,37.4505321,-122.1791572,ChIJ33JzmLOkj4ARisZhlgHYIYE
Safeway,"325 Sharon Park Dr, Menlo Park, CA 94025, USA",San Francisco,CA,(650) 854-3056,https://local.safeway.com/safeway/ca/menlo-park/325-s-sharon-park-dr.html,"bakery,establishment,florist,food,grocery_or_supermarket,point_of_interest,store,supermarket",100,Critical,556,4.0,False,True,2026-01-31,37.4234422,-122.1970037,ChIJPd8zEN6kj4ARUeePpA8i7WE
Safeway,"3540 Mount Diablo Blvd, Lafayette, CA 94549, USA",San Francisco,CA,(925) 283-0228,https://local.safeway.com/safeway/ca/lafayette/3540-mt-diablo-blvd.html,"bakery,establishment,florist,food,grocery_or_supermarket,point_of_interest,store,supermarket",100,Critical,734,4.0,False,True,2026-01-31,37.8928578,-122.1194644,ChIJoWtohVpihYARibkAnaicdvo
Safeway,"1655 El Camino Real, San Mateo, CA 94402, USA",San Francisco,CA,(650) 341-0374,https://local.safeway.com/safeway/ca/san-mateo/1655-el-camino-real.html,"bakery,establishment,florist,food,grocery_or_supermarket,point_of_interest,store,supermarket",100,Critical,1749,4.0,True,False,2026-01-31,37.5532143,-122.3136738,ChIJmxWz6V6ej4ARd6QJAY23jUA
Ralphs,"1435 W Chapman Ave, Orange, CA 92868, USA",Los Angeles,CA,(714) 634-2905,https://www.ralphs.com/stores/grocery/ca/orange/chapman-main-center/703/00008?cid=loc_70300008_gmb,"bakery,establishment,florist,food,grocery_or_supermarket,health,liquor_store,point_of_interest,store",100,Critical,1097,4.2,True,False,2026-01-31,33.7888847,-117.8683236,ChIJOQg7u9fZ3IARrM4R0ESLupc
Speedway,"1501 W Roosevelt Rd, West Chicago, IL 60185, USA",Chicago,IL,(630) 876-9902,https://www.speedway.com/locations/IL/West-Chicago/1501-W-Roosevelt-Rd,"convenience_store,establishment,food,gas_station,point_of_interest,store",95,Critical,314,4.0,True,True,2026-01-31,41.8777348,-88.23567039999999,ChIJt8RH7GX-DogRj0c8Y3m69Yk
Bravo Supermarkets,"91 Humboldt St, Brooklyn, NY 11206, USA",New York,NY,(718) 387-0919,http://bravohumboldt.com/,"atm,bakery,establishment,finance,food,grocery_or_supermarket,health,liquor_store,pharmacy,point_of_interest,store,supermarket",95,Critical,230,4.0,True,True,2026-01-31,40.7045086,-73.9411607,ChIJ7Yt2TflbwokRaIYaiij3Dak
Foodsmart,"3415 W Diversey Ave, Chicago, IL 60647, USA",Chicago,IL,(773) 384-1125,http://www.foodsmartstores.com/,"atm,convenience_store,establishment,finance,food,grocery_or_supermarket,liquor_store,point_of_interest,store",95,Critical,338,4.2,True,True,2026-01-31,41.9316225,-87.71306469999999,ChIJw1YICHTND4gRkAXiEwqvOQI
Safeway,"3496 Camino Tassajara, Danville, CA 94506, USA",San Francisco,CA,(925) 736-0298,https://local.safeway.com/safeway/ca/danville/3496-camino-tassajara.html,"bakery,establishment,florist,food,grocery_or_supermarket,point_of_interest,store,supermarket",95,Critical,439,4.2,False,True,2026-01-31,37.7980836,-121.9177857,ChIJO2I3LDjyj4ARZZblvifT2rc
Ralphs,"29675 The Old Rd, Castaic, CA 91384, USA",Los Angeles,CA,(661) 702-6911,https://www.ralphs.com/stores/grocery/ca/castaic/hasley-canyon-village/703/00084?cid=loc_70300084_gmb,"bakery,establishment,florist,food,grocery_or_supermarket,health,liquor_store,point_of_interest,store",95,Critical,363,4.2,True,False,2026-01-31,34.4567968,-118.6189757,ChIJB0UlElF-woARIA0q7d9kADI
QFC,"18921 Bothell Way NE, Bothell, WA 98011, USA",Seattle,WA,(425) 485-7548,https://www.qfc.com/stores/grocery/wa/bothell/bothell/705/00819?cid=loc_70500819_gmb,"bakery,establishment,florist,food,grocery_or_supermarket,health,liquor_store,point_of_interest,store",95,Critical,452,4.1,False,True,2026-01-31,47.7651942,-122.2116619,ChIJHzj900MOkFQRJUWn815YG2E
Safeway,"600 S Broadway, Walnut Creek, CA 94596, USA",San Francisco,CA,(925) 935-9205,https://local.safeway.com/safeway/ca/walnut-creek/600-s-broadway.html,"bakery,establishment,florist,food,grocery_or_supermarket,point_of_interest,store,supermarket",90,Critical,938,3.9,True,False,2026-01-31,37.898108,-122.0566721,ChIJJYnQa8FhhYARmXTAxJ5Mz5k
Pak 'N Save Foods,"3889 San Pablo Ave, Emeryville, CA 94608, USA",San Francisco,CA,(510) 450-1200,https://local.safeway.com/pak-n-save/ca/emeryville/3889-san-pablo-ave.html,"bakery,establishment,florist,food,grocery_or_supermarket,point_of_interest,store,supermarket",90,Critical,1991,3.8,True,True,2026-01-31,37.8293981,-122.2799636,ChIJUXe31hN-hYARgUNqPCC8Ib4
Safeway,"730 Taraval St, San Francisco, CA 94116, USA",San Francisco,CA,(415) 665-4136,https://local.safeway.com/safeway/ca/san-francisco/730-taraval-st.html,"bakery,establishment,florist,food,grocery_or_supermarket,point_of_interest,store,supermarket",90,Critical,1135,3.8,True,True,2026-01-31,37.7434468,-122.4740564,ChIJT_yGy5N9j4ARirOJ7uGsXZw
Jewel-Osco,"1341 N Paulina St, Chicago, IL 60622, USA",Chicago,IL,(773) 342-3410,https://local.jewelosco.com/il/chicago/1341-n-paulina-st.html,"bakery,establishment,florist,food,grocery_or_supermarket,point_of_interest,store,supermarket",90,Critical,2377,3.9,True,True,2026-01-31,41.9064754,-87.66944629999999,ChIJFVSfe8XSD4gRwDhg57GSuOw
Mariano's,"2021 W Chicago Ave, Chicago, IL 60622, USA",Chicago,IL,(773) 799-9000,https://www.marianos.com/stores/grocery/il/chicago/marianos-ukrainian-village/531/00527?cid=loc_53100527_gmb,"bakery,establishment,florist,food,grocery_or_supermarket,health,liquor_store,point_of_interest,store",90,Critical,1349,3.8,True,False,2026-01-31,41.8955736,-87.67833499999999,ChIJYzCVr0otDogRvZsJTDwqXUI
Safeway,"231 W Jackson St, Hayward, CA 94544, USA",San Francisco,CA,(510) 783-8611,https://local.safeway.com/safeway/ca/hayward/231-w-jackson-st.html,"bakery,establishment,florist,food,grocery_or_supermarket,point_of_interest,store,supermarket",90,Critical,1267,3.8,True,True,2026-01-31,37.6526998,-122.0915008,ChIJdxZesFCRj4ARoSdIWVPi5EA
24 7 Convenience Store,"310 Lexington Ave, Clifton, NJ 07011, USA",New York,NY,(973) 246-6525,,"convenience_store,establishment,food,point_of_interest,store",90,Critical,104,4.4,True,False,2026-01-31,40.8722795,-74.1293378,ChIJPyI2LMr-wokRw1gASVWwu7c
Safeway,"2811 Middlefield Rd, Palo Alto, CA 94306, USA",San Francisco,CA,(650) 321-8400,https://local.safeway.com/safeway/ca/palo-alto/2811-middlefield-rd.html,"bakery,establishment,florist,food,grocery_or_supermarket,point_of_interest,store,supermarket",90,Critical,705,3.9,True,True,2026-01-31,37.4328752,-122.1272763,ChIJd78gt1e6j4ARNvamGuQ4hDs
7-Eleven,"15 S Abbott Ave, Milpitas, CA 95035, USA",San Francisco,CA,(669) 237-5126,https://www.7-eleven.com/locations/ca/milpitas/15-south-abbott-ave-14240?utm_source=G&utm_medium=local&utm_campaign=google-local,"cafe,convenience_store,establishment,food,liquor_store,point_of_interest,restaurant,store",90,Critical,72,4.1,True,False,2026-01-31,37.4283683,-121.9146569,ChIJ6cMQDNjIj4ARTpk1_zVBmRQ
MORTON WILLIAMS SUPERMARKETS,"917 9th Ave, New York, NY 10019, USA",New York,NY,(212) 586-8784,https://www.mortonwilliams.com/,"establishment,food,grocery_or_supermarket,point_of_interest,store,supermarket",90,Critical,552,3.9,True,True,2026-01-31,40.7689628,-73.9852025,ChIJabm8wlhYwokRGwnWxb9HbtY
24 Hours Deli Grocery Store,"726 E 152nd St, Bronx, NY 10455, USA",New York,NY,(718) 665-0288,,"bakery,establishment,food,grocery_or_supermarket,liquor_store,point_of_interest,restaurant,store",90,Critical,119,4.4,True,True,2026-01-31,40.815878,-73.907831,ChIJcWkCIbf1wokRiTdWKa4STw8
CTown Supermarkets,"Parking lot, 134-16 Liberty Ave, South Richmond Hill, NY 11419, USA",New York,NY,(718) 658-8817,https://locations.ctownsupermarkets.com/ctown-supermarkets-a2c94761b4d2?utm_source=Google&utm_medium=organic&utm_campaign=Yext,"establishment,food,grocery_or_supermarket,point_of_interest,store,supermarket",90,Critical,1186,3.8,True,False,2026-01-31,40.691428,-73.81197139999999,ChIJVxGWrMxgwokRMPnbIRo78LI
QFC,"1401 Broadway, Seattle, WA 98122, USA",Seattle,WA,(206) 860-3818,https://www.qfc.com/stores/grocery/wa/seattle/harvard-market/705/00847?cid=loc_70500847_gmb,"bakery,establishment,florist,food,grocery_or_supermarket,health,liquor_store,point_of_interest,store",90,Critical,2323,3.8,False,True,2026-01-31,47.6138266,-122.3211088,ChIJMUGlcMxqkFQRYOqBHimvYbg
QFC,"417 Broadway E #2, Seattle, WA 98102, USA",Seattle,WA,(206) 328-6920,https://www.qfc.com/stores/grocery/wa/seattle/broadway-market/705/00887?cid=loc_70500887_gmb,"bakery,establishment,florist,food,grocery_or_supermarket,health,liquor_store,point_of_interest,store",90,Critical,956,3.8,True,True,2026-01-31,47.6225374,-122.3214287,ChIJK27z6C0VkFQRj6kaBPV22Vc
QFC,"2615 Broadway, Everett, WA 98201, USA",Seattle,WA,(425) 259-6061,https://www.qfc.com/stores/grocery/wa/everett/everett-broadway/705/00853?cid=loc_70500853_gmb,"bakery,establishment,florist,food,grocery_or_supermarket,health,liquor_store,point_of_interest,store",90,Critical,896,3.8,True,True,2026-01-31,47.9828305,-122.2006488,ChIJQ6cwZpaqmlQRK1uXo5CliXA
Walmart Supercenter,"9265 159th St, Orland Hills, IL 60487, USA",Chicago,IL,(708) 349-4300,https://www.walmart.com/store/1556-orland-hills-il/?veh=seo_loc,"bakery,clothing_store,department_store,electronics_store,establishment,food,furniture_store,grocery_or_supermarket,hardware_store,home_goods_store,point_of_interest,store",90,Critical,5459,3.9,True,True,2026-01-31,41.5991373,-87.84296780000001,ChIJvaXXUY0_DogR7Ya6LpXx1TY
Duane Reade,"136-02 Roosevelt Ave, Flushing, NY 11354, USA",New York,NY,(718) 886-3212,https://www.walgreens.com/locator/walgreens-13602+roosevelt+ave-flushing-ny-11354/id=14438,"clothing_store,convenience_store,establishment,food,point_of_interest,store",85,High,241,2.7,True,True,2026-02-04,40.7594983,-73.82980289999999,ChIJeRt12BFgwokRDsBy5p-Ydys
251 La Bodeguita Grocery Store,"251 E 119th St, New York, NY 10035, USA",New York,NY,(646) 575-0844,,"establishment,food,grocery_or_supermarket,point_of_interest,store",85,High,46,4.5,True,False,2026-02-04,40.7991524,-73.9366273,ChIJQbukGAj2wokR_4bMnz5DgIY
Morton Williams Supermarkets,"2941 Broadway, New York, NY 10027, USA",New York,NY,(212) 666-4190,https://www.mortonwilliams.com/our-locations,"establishment,food,grocery_or_supermarket,point_of_interest,store,supermarket",85,High,367,3.5,True,True,2026-02-04,40.8076824,-73.96459089999999,ChIJx5-q0D72wokR-98xbWUpdMY
Organic Green Planet Grocery Store,"53-17 Broadway, Woodside, NY 11377, USA",New York,NY,(347) 468-0581,,"establishment,food,grocery_or_supermarket,point_of_interest,store",85,High,8,5.0,True,True,2026-02-04,40.75346529999999,-73.9070029,ChIJX9P6YH9fwokRn9_ke_MBG0Q
Foodsmart,"2901 W Armitage Ave, Chicago, IL 60647, USA",Chicago,IL,(773) 772-3200,http://www.foodsmartstores.com/,"atm,establishment,finance,food,grocery_or_supermarket,liquor_store,point_of_interest,store,supermarket",85,High,290,3.6,True,True,2026-02-04,41.9171918,-87.69974069999999,ChIJIW70ZGDND4gRjNXXDLtdZBs
Mercer Mini Mart,"405 W Mercer St, Seattle, WA 98119, USA",Seattle,WA,(206) 285-6486,,"convenience_store,establishment,food,point_of_interest,store",85,High,50,4.3,False,True,2026-02-04,47.6244751,-122.3621727,ChIJPS2Dw0IVkFQRYMKFhxlMhW4
Sunshine Grocery Store,"240 Garden St, Hoboken, NJ 07030, USA",New York,NY,(201) 402-3977,,"establishment,food,grocery_or_supermarket,point_of_interest,store",85,High,22,4.5,False,True,2026-02-04,40.7402538,-74.03213029999999,ChIJbY-XpV9XwokRta8Usiv0IAA
1614 Brother Grocery Store,"1614 Westchester Ave, Bronx, NY 10472, USA",New York,NY,(718) 328-0919,,"establishment,food,grocery_or_supermarket,point_of_interest,store",85,High,11,5.0,True,False,2026-02-04,40.8292784,-73.8748203,ChIJwcgkmu_0wokRROnCYOofz90
Quik Mart,"810 W 59th St, Chicago, IL 60621, USA",Chicago,IL,,,"convenience_store,establishment,food,point_of_interest,store",85,High,34,4.8,True,True,2026-02-04,41.7871225,-87.645612,ChIJgznYdu8uDogR_h8NvI7qorY
Starlight Market,"402 Ellis St, San Francisco, CA 94102, USA",San Francisco,CA,(415) 371-9162,https://nrsgo.com/starlight_market,"convenience_store,establishment,food,liquor_store,point_of_interest,store",85,High,45,4.3,False,True,2026-02-04,37.7849613,-122.4129526,ChIJ5bGoIZCAhYARo4qqJp0xvoY
Safeway,"4732 Brooklyn Ave NE, Seattle, WA 98105, USA",Seattle,WA,(206) 926-2620,https://local.safeway.com/safeway/wa/seattle/4732-brooklyn-ave-ne.html,"bakery,establishment,florist,food,grocery_or_supermarket,point_of_interest,store,supermarket",85,High,279,3.4,False,True,2026-02-04,47.66420309999999,-122.3138864,ChIJZawbT-QVkFQRJ9PTTZuZlxQ
REBEL Convenience Stores,"8716 Ogden Ave, Lyons, IL 60534, USA",Chicago,IL,(708) 680-2013,http://www.rebelstores.com/,"convenience_store,establishment,food,point_of_interest,store",85,High,24,4.5,True,True,2026-02-04,41.816567,-87.8387437,ChIJP3SZv5s3DogRudtF5RhbTuk
Polk & Post Convenience Store,"1101 Post St, San Francisco, CA 94109, USA",San Francisco,CA,(415) 240-9332,,"convenience_store,establishment,food,point_of_interest,store",85,High,19,4.7,True,True,2026-02-04,37.786626,-122.42011,ChIJhQE2lDSBhYARinwtEfSbxcM
Bolla Market,"231 Bay St, Staten Island, NY 10301, USA",New York,NY,(718) 720-5100,http://bollamarket.com/,"convenience_store,establishment,food,point_of_interest,store",80,High,70,2.6,True,False,2026-02-04,40.6363778,-74.07561040000002,ChIJSwnn4NJPwokRbHO1Fp3V5F0
Pizzeria Portofino,"317 N Clark St, Chicago, IL 60654, USA",Chicago,IL,(312) 900-9018,http://pizzeriaportofino.com/,"establishment,food,point_of_interest,restaurant",80,High,13968,4.8,True,True,2026-02-04,41.8879836,-87.6307625,ChIJF774nd4tDogRWPjaRHqyj5I
Te'Kila,"6541 Hollywood Blvd, Los Angeles, CA 90028, USA",Los Angeles,CA,(323) 960-2404,http://tekilahollywood.com/,"bar,establishment,food,point_of_interest,restaurant",80,High,1737,4.3,True,True,2026-02-04,34.1017391,-118.3324406,ChIJKX2KYzu_woAR90Mynae0j00
Pequod's Pizza,"2207 N Clybourn Ave, Chicago, IL 60614, USA",Chicago,IL,(773) 327-1512,http://pequodspizza.com/chicago/?utm_source=google_my_business&utm_medium=organic,"bar,establishment,food,meal_delivery,meal_takeaway,point_of_interest,restaurant",80,High,15922,4.4,True,True,2026-02-04,41.921934,-87.6643512,ChIJQ6vcPuTSD4gRTbyKKQufF_o
Foo-Chow Restaurant,"949 N Hill St, Los Angeles, CA 90012, USA",Los Angeles,CA,(213) 485-1294,http://www.foochowla.com/,"establishment,food,point_of_interest,restaurant",80,High,1201,4.5,True,False,2026-02-04,34.0658978,-118.2383402,ChIJlzIip1nGwoAR_PIzuDetJFI
7-Eleven,"200 S Los Angeles St Unit A2, Los Angeles, CA 90012, USA",Los Angeles,CA,(213) 598-4252,https://www.7-eleven.com/locations/ca/los-angeles/200-a2-los-angeles-st-38266?utm_source=G&utm_medium=local&utm_campaign=google-local,"cafe,convenience_store,establishment,food,liquor_store,point_of_interest,restaurant,store",80,High,128,3.2,True,True,2026-02-04,34.0499654,-118.2430794,ChIJud8aowPHwoARw_Uxh5-VZEs
Calaca Mamas Cantina,"1550 S Harbor Blvd, Anaheim, CA 92802, USA",Los Angeles,CA,(714) 215-4226,https://www.calacamamas.com/,"establishment,food,point_of_interest,restaurant",80,High,572,4.0,False,True,2026-02-04,33.8093596,-117.9147623,ChIJ93HqC5DX3IARpnsRKRKjeVY
7-Eleven,"@ Broadway, 152 Pine Ave, Long Beach, CA 90802, USA",Los Angeles,CA,(562) 435-4116,https://www.7-eleven.com/locations/ca/long-beach/152-pine-ave-33450?utm_source=G&utm_medium=local&utm_campaign=google-local,"cafe,convenience_store,establishment,food,liquor_store,point_of_interest,restaurant,store",80,High,81,2.9,False,True,2026-02-04,33.7691226,-118.1921763,ChIJ-bwJvjkx3YARjQHdWskTHbE
Chi Cafe,"2160 S Archer Ave, Chicago, IL 60616, USA",Chicago,IL,(312) 842-9993,https://www.chicafeonline.com/?utm_source=google&utm_medium=website,"establishment,food,point_of_interest,restaurant",80,High,1886,4.3,False,True,2026-02-04,41.8534879,-87.6345473,ChIJWQcymWEsDogRKMRtP1XzEfU
New Star Restaurant,"7444 W North Ave, Elmwood Park, IL 60707, USA",Chicago,IL,(708) 453-8242,https://www.newstarrestaurant.com/,"establishment,food,point_of_interest,restaurant",80,High,3868,4.5,True,False,2026-02-04,41.9089322,-87.8128661,ChIJY4itKSbLD4gRGSqiaZY_GWo
Silver Palace Chinese Restaurant,"15326 Whittier Blvd, Whittier, CA 90603, USA",Los Angeles,CA,(562) 947-4043,http://www.silverpalaceonline.com/,"establishment,food,point_of_interest,restaurant",80,High,1056,4.5,True,True,2026-02-04,33.9465549,-117.999997,ChIJieDXJJTUwoARTE0O0MreyZg
Golden Palace Chinese Restaurant,"9116 Telegraph Rd, Downey, CA 90240, USA",Los Angeles,CA,(562) 861-8591,https://checkle.menu/goldenpalace_downey,"establishment,food,meal_takeaway,point_of_interest,restaurant",80,High,786,4.3,True,False,2026-02-04,33.959306,-118.108435,ChIJY-0gFQvSwoAR7TpVRzBCABE
Forno Rosso Pizzeria Napoletana,"3719 N Harlem Ave, Chicago, IL 60634, USA",Chicago,IL,(773) 716-3000,http://www.fornorossopizzeria.com/,"establishment,food,meal_delivery,meal_takeaway,point_of_interest,restaurant",80,High,1963,4.6,False,True,2026-02-04,41.947658,-87.806747,ChIJ4VC46K_LD4gRSBSCs-5TaU8
The Pizza Press,"1700 S Harbor Blvd, Anaheim, CA 92802, USA",Los Angeles,CA,(714) 833-5868,https://www.thepizzapress.com/location/anaheim-ca/,"establishment,food,meal_takeaway,point_of_interest,restaurant",80,High,2836,4.3,True,True,2026-02-04,33.8063907,-117.9146548,ChIJi0kgctDX3IARoHlFBtaYPT4
Little Asia Chinese Restaurant,"4624 Imperial Hwy., Inglewood, CA 90304, USA",Los Angeles,CA,(310) 679-3831,http://www.littleasiainglewood.com/,"establishment,food,point_of_interest,restaurant",80,High,970,4.4,True,False,2026-02-04,33.9307626,-118.3576279,ChIJVVVVVSi0woARgfIN5Z5Qick
7-Eleven,"1463 W 3rd St, Los Angeles, CA 90017, USA",Los Angeles,CA,(213) 482-7649,https://www.7-eleven.com/locations/ca/los-angeles/1463-w-3rd-st-39745?utm_source=G&utm_medium=local&utm_campaign=google-local,"cafe,convenience_store,establishment,food,liquor_store,point_of_interest,restaurant,store",80,High,95,2.8,True,False,2026-02-04,34.0594082,-118.263603,ChIJO1Fnl6jHwoARF_j3lTKxUKA
Yang Chow Restaurant,"3777 E Colorado Blvd, Pasadena, CA 91107, USA",Los Angeles,CA,(626) 432-6868,http://www.yangchow.com/,"establishment,food,point_of_interest,restaurant",80,High,722,4.5,True,True,2026-02-04,34.1465364,-118.0706826,ChIJYd9QUnnbwoAR7lJ93W3Ccw8
Giordano's,"1340 S Michigan Ave, Chicago, IL 60605, USA",Chicago,IL,(312) 842-1100,https://giordanos.com/locations/south-loop/,"establishment,food,meal_takeaway,point_of_interest,restaurant",80,High,4605,4.4,True,False,2026-02-04,41.864596,-87.6245271,ChIJZ00Yu4QsDogR4wNixDtDd_4
Di Nicos Pizza,"6627 Roosevelt Rd, Berwyn, IL 60402, USA",Chicago,IL,(708) 749-9900,https://www.dinicos.com/,"establishment,food,meal_delivery,meal_takeaway,point_of_interest,restaurant",80,High,1323,4.1,True,False,2026-02-04,41.8648612,-87.79040429999999,ChIJa82llo40DogR9s_43L-VpVc
7-Eleven,"611 W Katella Ave, Anaheim, CA 92802, USA",Los Angeles,CA,(714) 491-8179,https://www.7-eleven.com/locations/ca/anaheim/611-w-katella-29057?utm_source=G&utm_medium=local&utm_campaign=google-local,"cafe,convenience_store,establishment,food,liquor_store,point_of_interest,restaurant,store",80,High,153,3.0,False,True,2026-02-04,33.8037797,-117.9157921,ChIJX9ls9NzX3IARVHYEOpcWvqI
Sarpino's Pizzeria La Grange,"5321 LaGrange Rd, Countryside, IL 60525, USA",Chicago,IL,(708) 354-2100,https://www.gosarpinos.com/pizza-delivery/sarpinos-la-grange?utm_source=Google&utm_medium=Organic&utm_campaign=LocalSEO,"establishment,food,meal_delivery,meal_takeaway,point_of_interest,restaurant",80,High,546,4.0,False,True,2026-02-04,41.7930053,-87.8681186,ChIJdbPltcVJDogRaFGP55o8sVo
Ginos East - South Loop,"521 S Dearborn St, Chicago, IL 60605, USA",Chicago,IL,(312) 939-1818,https://www.ginoseast.com/south-loop,"establishment,food,meal_delivery,point_of_interest,restaurant",80,High,3117,4.4,True,False,2026-02-04,41.8752335,-87.6289845,ChIJl3iX_JcsDogRIkGnC9snea4
Homeslice Pizza + Patio,"938 W Webster Ave, Chicago, IL 60614, USA",Chicago,IL,(312) 789-4600,http://getsomehomie.com/,"bar,establishment,food,meal_delivery,meal_takeaway,point_of_interest,restaurant",80,High,3213,4.6,True,False,2026-02-04,41.9219686,-87.6524768,ChIJ7agokhvTD4gRNiFRSbmBwfQ
7-Eleven,"504 W Olympic Blvd, Los Angeles, CA 90015, USA",Los Angeles,CA,(213) 748-5687,https://www.7-eleven.com/locations/ca/los-angeles/504-west-olympic-blvd-39646?utm_source=G&utm_medium=local&utm_campaign=google-local,"cafe,convenience_store,establishment,food,liquor_store,point_of_interest,restaurant,store",80,High,82,2.7,True,True,2026-02-04,34.0429018,-118.2612276,ChIJJcDF1cnHwoARfg5qHv0BTpM
Joe's Pizza,"613 S Spring St, Los Angeles, CA 90014, USA",Los Angeles,CA,(213) 988-8848,https://joespizza.it/joespizzala?utm_source=google,"establishment,food,meal_delivery,meal_takeaway,point_of_interest,restaurant,store",80,High,611,4.1,False,True,2026-02-04,34.0457279,-118.2515091,ChIJa505oUrGwoARPhHA7Q6qo6Y
Sarpino's Pizzeria Evanston,"2428 Main St, Evanston, IL 60202, USA",Chicago,IL,(847) 869-5555,https://www.gosarpinos.com/pizza-delivery/sarpinos-evanston?utm_source=google&utm_medium=GBP&utm_campaign=LocalSEO,"establishment,food,meal_delivery,meal_takeaway,point_of_interest,restaurant,store",80,High,641,4.2,False,True,2026-02-04,42.0329903,-87.70694990000001,ChIJlc5jLd3PD4gRu0aDCxtyxME
"Ranalli's Pizza Bar - West Loop, Chicago","1326 W Madison St, Chicago, IL 60607, USA",Chicago,IL,(312) 981-7100,https://www.ranalliswestloop.com/,"bar,establishment,food,point_of_interest,restaurant",80,High,2040,4.7,False,True,2026-02-04,41.8817013,-87.6608005,ChIJg_V8MFMtDogRqh__zBqhGBs
Sarpino's Pizzeria Elmhurst,"623 W North Ave, Elmhurst, IL 60126, USA",Chicago,IL,(630) 279-2900,https://www.gosarpinos.com/pizza-delivery/sarpinos-elmhurst?utm_source=google&utm_medium=GBP&utm_campaign=LocalSEO,"establishment,food,meal_delivery,meal_takeaway,point_of_interest,restaurant,store",80,High,504,4.0,True,False,2026-02-04,41.90609449999999,-87.9635579,ChIJvx-w6C2zD4gRBpaKrtzZfd0
Wonderland Liquor & Market,"1178 W Katella Ave, Anaheim, CA 92802, USA",Los Angeles,CA,(714) 535-0127,http://shopwonderlandmarket.com/,"convenience_store,establishment,food,liquor_store,point_of_interest,store",80,High,194,3.8,True,True,2026-02-04,33.802988,-117.9277593,ChIJp_kc2SYo3YARg2NB88WPGP4
Yang Chow Restaurant,"819 N Broadway, Los Angeles, CA 90012, USA",Los Angeles,CA,(213) 625-0811,http://yangchow.com/,"establishment,food,point_of_interest,restaurant",80,High,1499,4.5,True,False,2026-02-04,34.0629657,-118.2382179,ChIJj_zD29XHwoAR9I997k0v2bU
Chen's Chinese Restaurant,"2131 E Broadway, Long Beach, CA 90803, USA",Los Angeles,CA,(562) 439-0309,https://www.chenschineselongbeach.com/80ckl32e/restaurant/order-online,"establishment,food,point_of_interest,restaurant",80,High,1065,4.1,True,True,2026-02-04,33.7669723,-118.16517,ChIJp0os1AUx3YARsyD5HXksfL8
Pizza Capri Hyde Park,"1501 E 53rd St, Chicago, IL 60615, USA",Chicago,IL,(773) 324-7777,http://www.pizzacapri.com/,"establishment,food,point_of_interest,restaurant,store",80,High,2119,4.2,True,False,2026-02-04,41.7993387,-87.5889466,ChIJxz3WCHIpDogRK5qfBJyDWZM
7-Eleven,"15350 Alton Pkwy, Irvine, CA 92618, USA",Los Angeles,CA,(949) 453-0494,https://www.7-eleven.com/locations/ca/irvine/15350-alton-pwky-36080?utm_source=G&utm_medium=local&utm_campaign=google-local,"cafe,convenience_store,establishment,food,liquor_store,point_of_interest,restaurant,store",80,High,70,2.7,True,True,2026-02-04,33.6543296,-117.7386771,ChIJoRkZMP7n3IARWZjihsnpo4s
Taqueria El Asadero,"2213 W Montrose Ave, Chicago, IL 60618, USA",Chicago,IL,(773) 583-5563,https://taqueriaelasadero.shop/,"establishment,food,point_of_interest,restaurant",80,High,1971,4.5,True,True,2026-02-04,41.9612716,-87.68433390000001,ChIJxx7HZRHSD4gRwP6Re4Wa9Fc
Yen Yen Restaurant,"4226 N Arlington Heights Rd, Arlington Heights, IL 60004, USA",Chicago,IL,(847) 259-3400,http://www.yenyenrestaurant.com/,"establishment,food,point_of_interest,restaurant",80,High,551,4.3,True,False,2026-02-04,42.1525024,-87.9860492,ChIJr5gdDZG8D4gRrts0WDNon-0
Fiesta Martin Mexican Grill,"1330 N La Brea Ave, Inglewood, CA 90302, USA",Los Angeles,CA,(310) 672-1330,http://fiestamartinmexicangrill.com/,"establishment,food,point_of_interest,restaurant",80,High,2408,4.4,True,False,2026-02-04,33.9801015,-118.3578606,ChIJE35UfG23woARs6SDJKmlirw
Birria Huentitan Restaurant,"4019 W North Ave, Chicago, IL 60639, USA",Chicago,IL,(773) 276-0768,https://birriahuentitanrestaurant.cfd/,"establishment,food,point_of_interest,restaurant",80,High,2042,4.3,True,True,2026-02-04,41.90972130000001,-87.7272888,ChIJXaK51STND4gRrF8eEmMnH0k
Taquera El Pastor,"4418 W 63rd St, Chicago, IL 60629, USA",Chicago,IL,(773) 284-1003,https://taqueriaelpastor.shop/,"establishment,food,point_of_interest,restaurant",80,High,2117,4.2,True,False,2026-02-04,41.7786892,-87.7333197,ChIJeaLHN6sxDogRaJWGQSoxwpM
Walgreens,"375 E Dundee Rd, Palatine, IL 60074, USA",Chicago,IL,(847) 934-5741,https://www.walgreens.com/locator/walgreens-375+e+dundee+rd-palatine-il-60074/id=3940,"clothing_store,convenience_store,drugstore,establishment,food,health,point_of_interest,store",80,High,185,2.8,True,True,2026-02-04,42.1386939,-88.03456709999999,ChIJtfT5R56kD4gRQ57dRbdIxTM
Walgreens,"4101 1st Ave, Lyons, IL 60534, USA",Chicago,IL,(708) 447-6851,https://www.walgreens.com/locator/walgreens-4101+1st+ave-lyons-il-60534/id=1450,"clothing_store,convenience_store,drugstore,establishment,food,health,point_of_interest,store",80,High,174,2.6,True,False,2026-02-04,41.81562419999999,-87.8332461,ChIJC-xakHQ2DogR22rtGoBAMWc
Super Albert Fresh Mexican Food,"1039 W San Bernardino Rd, Covina, CA 91722, USA",Los Angeles,CA,(626) 331-4044,,"establishment,food,meal_takeaway,point_of_interest,restaurant",80,High,612,4.1,True,False,2026-02-04,34.0893914,-117.9109121,ChIJofUp1hcow4ARVknXc15fxcs
Walgreens,"6800 Ogden Ave, Berwyn, IL 60402, USA",Chicago,IL,(708) 749-9061,https://www.walgreens.com/locator/walgreens-6800+ogden+ave-berwyn-il-60402/id=5076,"clothing_store,convenience_store,drugstore,establishment,food,health,point_of_interest,store",80,High,166,2.7,True,False,2026-02-04,41.8265914,-87.79335739999999,ChIJv-I5phk0DogRdPTErbyM_wg
La Barca Restaurant,"2414 S Vermont Ave, Los Angeles, CA 90007, USA",Los Angeles,CA,(323) 735-6567,,"establishment,food,point_of_interest,restaurant",80,High,2983,4.4,False,True,2026-02-04,34.0339278,-118.2913087,ChIJ96GoEPPHwoAR0GeImN10JkU
Arsenio's Mexican Food,"9142 Garfield Ave, Huntington Beach, CA 92646, USA",Los Angeles,CA,(714) 965-4107,http://website.uniquemobileapps.com/free/rios12345/arsenios_mex_food_hb,"establishment,food,point_of_interest,restaurant",80,High,668,4.1,True,False,2026-02-04,33.6864909,-117.9695671,ChIJXeNUqysn3YARYLA_rQpwMuU
SaMo Pizza,"1711 Pico Blvd, Santa Monica, CA 90405, USA",Los Angeles,CA,(310) 392-0092,https://samopizzaca.com/?utm_source=google,"establishment,food,meal_delivery,point_of_interest,restaurant",80,High,826,4.8,True,True,2026-02-04,34.0182443,-118.4725666,ChIJqZPnpyW7woARX2EWBa_kFrk
Joe's Pizza - Hollywood Blvd,"6504 Hollywood Blvd, Los Angeles, CA 90028, USA",Los Angeles,CA,(323) 467-9500,https://joespizza.it/joespizzahollywoodblvd?utm_source=google,"establishment,food,meal_delivery,meal_takeaway,point_of_interest,restaurant,store",80,High,1130,4.2,True,False,2026-02-04,34.1013345,-118.3313381,ChIJnaqknju_woARTNTg6MEhTM4
800 Degrees Woodfired Kitchen,"1521 Vine St, Los Angeles, CA 90028, USA",Los Angeles,CA,(323) 329-9656,https://800degreeswfk.com/locations/hollywood/,"bar,establishment,food,meal_delivery,meal_takeaway,night_club,point_of_interest,restaurant",80,High,776,4.1,False,True,2026-02-04,34.0988267,-118.3270184,ChIJabX93Dm_woARWuvXHSQPxFE
El Huero Drive Thru,"3000 S Figueroa St, Los Angeles, CA 90007, USA",Los Angeles,CA,(213) 747-0012,http://www.elhuero.com/,"establishment,food,point_of_interest,restaurant",80,High,4335,4.3,False,True,2026-02-04,34.0248202,-118.2779228,ChIJEy05P-fHwoAR1eHcd5k0UWs
Walgreens,"1903 Calumet Ave Walgreens, Valparaiso, IN 46383, USA",Chicago,IL,(219) 462-6172,https://www.walgreens.com/locator/walgreens-1903+calumet+ave-valparaiso-in-46383/id=3680,"clothing_store,convenience_store,drugstore,establishment,food,health,point_of_interest,store",80,High,113,3.3,True,False,2026-02-04,41.4860128,-87.05130299999999,ChIJD8asp_eZEYgR7o-2zDObb9M
7-Eleven,"6077 W 3rd St, Los Angeles, CA 90036, USA",Los Angeles,CA,(323) 939-1621,https://www.7-eleven.com/locations/ca/los-angeles/6077-west-third-st-17304?utm_source=G&utm_medium=local&utm_campaign=google-local,"cafe,convenience_store,establishment,food,liquor_store,point_of_interest,restaurant,store",80,High,78,2.5,False,True,2026-02-04,34.0706452,-118.3529338,ChIJ4-uO7iW5woARP2PXktH2uJs
7-Eleven,"33 E Adams St, Chicago, IL 60603, USA",Chicago,IL,(312) 409-2400,https://www.7-eleven.com/locations/il/chicago/33-e-adams-street-33511?utm_source=G&utm_medium=local&utm_campaign=google-local,"cafe,convenience_store,establishment,food,liquor_store,point_of_interest,restaurant,store",80,High,71,2.1,False,True,2026-02-04,41.8793661,-87.62637699999999,ChIJTWbBc6QsDogRKdSHNme6sJU
7-Eleven,"135 W Madison St, Chicago, IL 60602, USA",Chicago,IL,(312) 634-0813,https://www.7-eleven.com/locations/il/chicago/135-w-madison-st-38183?utm_source=G&utm_medium=local&utm_campaign=google-local,"cafe,convenience_store,establishment,food,liquor_store,point_of_interest,restaurant,store",80,High,57,2.9,False,True,2026-02-04,41.88181910000001,-87.6320633,ChIJbwv-vrssDogRzOFEAMQ115o
7-Eleven,"48 N Wells St, Chicago, IL 60606, USA",Chicago,IL,(312) 332-9262,https://www.7-eleven.com/locations/il/chicago/48-n-wells-street-32889?utm_source=G&utm_medium=local&utm_campaign=google-local,"cafe,convenience_store,establishment,food,liquor_store,point_of_interest,restaurant,store",80,High,64,2.2,True,True,2026-02-04,41.8830469,-87.6340719,ChIJbbgpnbksDogRHacQDJXel0Q
Artichoke Basille's Pizza,"2590 Durant Ave, Berkeley, CA 94704, USA",San Francisco,CA,(510) 705-1266,http://www.artichokepizza.com/,"establishment,food,point_of_interest,restaurant",80,High,1134,4.5,False,True,2026-02-04,37.8679361,-122.2568562,ChIJDbudpy98hYARBRu1gsKfwGk
La Cantina Grill,"1911 S Michigan Ave, Chicago, IL 60616, USA",Chicago,IL,(312) 842-1911,http://www.lacantinagrill.com/,"bar,establishment,food,point_of_interest,restaurant",80,High,2581,4.4,False,True,2026-02-04,41.8563107,-87.6236981,ChIJS0MMs4AsDogR0JGhIqqBxh0
El Carmen,"8138 W 3rd St, Los Angeles, CA 90048, USA",Los Angeles,CA,(323) 852-1552,https://www.elcarmenla.com/,"establishment,food,point_of_interest,restaurant",80,High,505,4.6,True,False,2026-02-04,34.0721024,-118.367271,ChIJjyPJeja5woAReAxj6slEgHk
Costera Cocina Tulum - Chicago,"850 W Fulton Market, Chicago, IL 60607, USA",Chicago,IL,(312) 300-0774,https://www.costeracocina.com/,"establishment,food,point_of_interest,restaurant",80,High,4047,4.8,True,True,2026-02-04,41.8870371,-87.6494742,ChIJc9LR9TstDogRUW04udVjEPk
LAntica Pizzeria da Michele,"1534 N McCadden Pl, Los Angeles, CA 90028, USA",Los Angeles,CA,(323) 366-2408,https://damicheleusa.com/,"bar,establishment,food,night_club,point_of_interest,restaurant,store",80,High,2012,4.5,True,True,2026-02-04,34.0990608,-118.3373107,ChIJm_JlplW_woARfUC7uDz1_OA
Los Compadres Restaurant,"3229 E Anaheim St, Long Beach, CA 90804, USA",Los Angeles,CA,(562) 961-0061,http://www.loscompadresrestaurant.com/,"establishment,food,point_of_interest,restaurant",80,High,3124,4.5,False,True,2026-02-04,33.7828331,-118.1539001,ChIJ3YgUWp8x3YARgwLpUfLPZRc
Los Alazanes Mexican Food,"980 S Knott Ave, Anaheim, CA 92804, USA",Los Angeles,CA,(714) 821-6766,http://los-alazanes.cafes-guide.com/,"establishment,food,point_of_interest,restaurant",80,High,1056,4.1,False,True,2026-02-04,33.8174302,-118.0105119,ChIJMVz3KDYp3YAR9QISakL6LXk
Enzo's Pizzeria,"1145 Westwood Blvd, Los Angeles, CA 90024, USA",Los Angeles,CA,(310) 208-3696,https://enzospizzeria.com/?utm_source=google,"establishment,food,meal_delivery,meal_takeaway,point_of_interest,restaurant,store",80,High,672,4.5,True,False,2026-02-04,34.059889,-118.445211,ChIJ3fIi7IO8woARLQmaGGZ-FSM
Taqueria el Zarape,"5203 Fountain Ave, Los Angeles, CA 90029, USA",Los Angeles,CA,(323) 741-0465,https://taqueriaelzarape.shop/,"establishment,food,point_of_interest,restaurant",80,High,837,4.5,True,True,2026-02-04,34.0952748,-118.3025486,ChIJA38x31S_woARDssUFBZoXHU
Mon Lung Restaurant,"1009 N Ashland Ave, Chicago, IL 60622, USA",Chicago,IL,(773) 227-8824,https://www.monlung.com/?utm_source=google&utm_medium=website,"establishment,food,meal_delivery,point_of_interest,restaurant",80,High,526,4.2,True,True,2026-02-04,41.9000395,-87.6671964,ChIJdZ8iEtLSD4gRnbo11-QkYXY
Joe's Pizza,"8539 Sunset Blvd, West Hollywood, CA 90069, USA",Los Angeles,CA,(310) 358-0900,https://joespizza.it/joespizzawhollywood?utm_source=google,"establishment,food,meal_delivery,meal_takeaway,point_of_interest,restaurant,store",80,High,539,4.3,False,True,2026-02-04,34.0938535,-118.3778564,ChIJW4fmrr2-woARi2TFqia9p_I
